USE TiendaElectronicaOnlineA;
GO
INSERT INTO Proveedores (NombreProveedor, NombreContacto, Direccion, Ciudad, CodigoPostal, Pais, Telefono, Clasificacion, EsProveedorCertificado, FechaInicio, FechaFin) VALUES
('Gomez-Moyano', 'Santiago Martin Peralta', 'Av. 9 N° 884 Torre 1 Dto. 9, Corrientes 3400, Corrientes', 'Ushuaia', '42003263', 'Argentina', '+54 9 3753 6496', 'regular', 0, '2024-02-13', '2024-07-29'),
('Martinez and Sons', 'Martina Malena Rodriguez Moreno', 'Avenida Santa Cruz N° 48 Dto. 5, San Miguel de Tucumán 4000, Tucumán', 'San Miguel de Tucumán', '91039125', 'Argentina', '+54 9 3438 3036', 'regular', 1, '2024-06-24', NULL),
('Gonzalez Ltd', 'Juliana Felipe Gomez', 'Av. 1 N° 9952, Constitución 1004, Ciudad Autónoma de Buenos Aires', 'Mar del Plata', '76006473', 'Argentina', '+54 15 2295 3180', 'regular', 0, '2023-04-08', NULL),
('Benitez Inc', 'Franco Olivia Cabrera', 'Diagonal Salta N° 89, Viedma 8500, Río Negro', 'Viedma', '90007646', 'Argentina', '+54 9 3386 8225', 'regular', 1, '2022-12-28', '2024-01-09'),
('Mendoza-Garcia', 'Sol Vera Chavez', 'Calle Salta N° 211 Piso 4 Dto. 1, La Rioja 5300, La Rioja', 'Santiago del Estero', '76008250', 'Argentina', '+54 15 2367 4009', 'preferido', 0, '2023-01-22', '2023-06-30'),
('Gimenez-Fernandez', 'Juan Bautista Caceres', 'Avenida Jujuy N° 570 Torre 8 Dto. 6, Chilecito 5360, La Rioja', 'Córdoba', '76008814', 'Argentina', '+54 15 2894 5783', 'regular', 1, '2023-11-03', NULL),
('Maidana-Luna', 'Isabella Juan Castillo', 'Av. Santiago del Estero N° 741 Piso 7 Dto. 9, San Luis 5700, San Luis', 'Bahía Blanca', '53600133', 'Argentina', '+54 9 3615 9264', 'bajo rendimiento', 0, '2022-05-15', NULL),
('Suarez-Sanchez', 'Sr(a). Martina Rojas', 'Av. Santa Fe N° 31, Posadas 3300, Misiones', 'Santa Rosa', '31004526', 'Argentina', '+54 15 2648 2373', 'bajo rendimiento', 0, '2022-11-09', NULL),
('Gonzalez-Cordoba', 'Valentino Quiroga', 'Calle Pte. Perón N° 606 Dto. 9, Ushuaia 9410, Tierra del Fuego', 'Río Gallegos', '94101935', 'Argentina', '+54 9 3780 8065', 'preferido', 0, '2023-01-16', NULL),
('Figueroa-Rodriguez', 'Jazmin Ignacio Rodriguez Luna', 'Diag. Río Negro N° 9132, Mendoza 5500, Mendoza', 'San Luis', '80009581', 'Argentina', '+54 9 3816 1335', 'regular', 0, '2022-04-29', NULL),
('Bustos, Gonzalez and Herrera', 'Santino Agustin Gimenez Juarez', 'Avenida 1 N° 254 Local 32, San Miguel de Tucumán 4000, Tucumán', 'Córdoba', '53604459', 'Argentina', '+54 9 3299 9854', 'preferido', 1, '2023-10-12', NULL),
('Alvarez and Sons', 'Dr(a). Juan Bautista Campos', 'Av. Mitre N° 589, Posadas 3300, Misiones', 'Río Gallegos', '46002501', 'Argentina', '+54 15 2904 3523', 'preferido', 1, '2022-08-05', '2024-07-15'),
('Ayala-Fernandez', 'Juan Ignacio Luciana Luna Ramos', 'Camino San Martin N° 547 Local 7, Formosa 3600, Formosa', 'Formosa', '42008855', 'Argentina', '+54 15 2992 4852', 'bajo rendimiento', 1, '2024-09-26', '2024-11-04'),
('Ramirez Inc', 'Lola Ramos', 'Diag. Alem N° 4339 Local 10, Santiago del Estero 4200, Santiago del Estero', 'La Rioja', '58817796', 'Argentina', '+54 9 3556 9137', 'preferido', 1, '2022-03-22', '2024-05-14'),
('Hernandez, Gutierrez and Soria', 'Francisca Renata Moreno Diaz', 'Calle Entre Ríos N° 144 Piso 3 Dto. 8, Córdoba 5000, Córdoba', 'San Miguel de Tucumán', '94001703', 'Argentina', '+54 15 2965 3866', 'bajo rendimiento', 0, '2024-07-30', '2024-08-08'),
('Olivera LLC', 'Thiago Benjamin Valentin Ruiz Rios', 'Calle Posadas N° 69 Local 6, Ushuaia 9410, Tierra del Fuego', 'Paraná', '91036547', 'Argentina', '+54 9 3813 9495', 'preferido', 0, '2024-03-22', NULL),
('Herrera, Sanchez and Carrizo', 'Camila Jazmin Gonzalez Garcia', 'Avenida Tierra del Fuego N° 822, Constitución 1004, Ciudad Autónoma de Buenos Aires', 'Rosario', '20007520', 'Argentina', '+54 15 2357 1141', 'bajo rendimiento', 0, '2023-04-22', '2023-10-21'),
('Peralta, Acuña and Lucero', 'Julia Martinez', 'Calle 3 N° 166 Local 89, Río Gallegos 9400, Santa Cruz', 'Formosa', '53004427', 'Argentina', '+54 9 3334 1324', 'bajo rendimiento', 1, '2024-05-28', '2024-10-23'),
('Rios, Rodriguez and Medina', 'Delfina Delfina Luna', 'Diagonal Jujuy N° 785 Piso 1 Dto. 3, Río Gallegos 9400, Santa Cruz', 'Ushuaia', '42004256', 'Argentina', '+54 9 3863 3607', 'regular', 1, '2023-10-21', NULL),
('Rodriguez Ltd', 'Valentino Rios Ledesma', 'Calle Formosa N° 947 Piso 3 Dto. 8, Río Gallegos 9400, Santa Cruz', 'Viedma', '20008342', 'Argentina', '+54 9 3416 3533', 'bajo rendimiento', 1, '2022-12-09', NULL),
('Lopez, Paez and Luna', 'Milagros Juan Bautista Fernandez Mansilla', 'Av. Corrientes N° 9830 Piso 2 Dto. 6, Mendoza 5500, Mendoza', 'Bahía Blanca', '10049233', 'Argentina', '+54 9 3327 9369', 'preferido', 0, '2024-09-21', NULL),
('Paez, Gomez and Torres', 'Santiago Benjamin Gonzalez Vazquez', 'Av. Resistencia N° 68, San Miguel de Tucumán 4000, Tucumán', 'Santa Rosa', '53000773', 'Argentina', '+54 15 2893 3951', 'preferido', 1, '2023-12-09', '2024-01-03'),
('Miranda, Caceres and Garcia', 'Catalina Martín Godoy Gimenez', 'Av. Salta N° 535 Torre 5 Dto. 4, Resistencia 3500, Chaco', 'Rosario', '30007133', 'Argentina', '+54 15 2952 7457', 'regular', 0, '2024-01-24', NULL),
('Sosa Group', 'Lola Tiziano Benjamin Vega', 'Diagonal Viedma N° 43 Piso 2 Dto. 3, Santa Rosa 6300, La Pampa', 'San Juan', '31001838', 'Argentina', '+54 9 3336 9994', 'regular', 0, '2024-01-05', NULL),
('Ferreyra Inc', 'Guadalupe Valentina Lopez Toledo', 'Boulevard Río Negro N° 136 Piso 4 Dto. 7, Salta 4400, Salta', 'Bahía Blanca', '10045222', 'Argentina', '+54 15 2296 8030', 'preferido', 1, '2022-02-09', NULL);

INSERT INTO Clientes (Nombre, Apellido, CorreoElectronico, Telefono, Direccion, Ciudad, CodigoPostal, Pais) VALUES
('Emilia', 'Hernandez', 'oliviarodriguez@example.net', '+54 9 3529 7221', 'Av. 3 N° 647 Oficina 2, Constitución 1004, Ciudad Autónoma de Buenos Aires', 'Corrientes', '91033115', 'Argentina'),
('Mateo', 'Valdez', 'catalina49@example.net', '+54 15 2108 2500', 'Avenida Tucumán N° 3783 Piso 1 Dto. 8, San Ferando del Valle de Catamarca 4700, Catamarca', 'Rosario', '53609176', 'Argentina'),
('Sofia', 'Fernandez', 'correasofia@example.com', '+54 15 2463 7542', 'Avenida 5 N° 554, San Luis 5700, San Luis', 'Mendoza', '19000767', 'Argentina'),
('Thiago Lionel', 'Torres', 'lgarcia@example.net', '+54 15 2402 5823', 'Avenida 6 N° 7125 Piso 1 Dto. 8, San Luis 5700, San Luis', 'La Plata', '57008375', 'Argentina'),
('Benjamin Alejandro', 'Gonzalez', 'amparogutierrez@example.com', '+54 15 2357 1250', 'Diagonal Santa Rosa N° 8389 Piso 7 Dto. 6, Posadas 3300, Misiones', 'Santa Fe', '19002988', 'Argentina'),
('Abril', 'Flores', 'milagros54@example.net', '+54 9 3147 4935', 'Calle Santa Fe N° 36, Córdoba 5000, Córdoba', 'Paraná', '50009269', 'Argentina'),
('Juan Cruz', 'Peralta', 'benicio42@example.com', '+54 9 3357 9329', 'Av. Alvear N° 73, Chilecito 5360, La Rioja', 'Mendoza', '85007052', 'Argentina'),
('Luisana', 'Nuñez', 'ciroromero@example.org', '+54 9 3139 2427', 'Avenida Catamarca N° 99 Piso 3 Dto. 9, San Miguel de Tucumán 4000, Tucumán', 'San Salvador de Jujuy', '34007210', 'Argentina'),
('Lautaro', 'Gonzalez', 'ujuarez@example.com', '+54 15 2624 3867', 'Avenida J.M. de Rosas N° 37, San Ferando del Valle de Catamarca 4700, Catamarca', 'Chilecito', '30000004', 'Argentina'),
('Luciano', 'Romero', 'mia-morenacordoba@example.org', '+54 9 3480 1780', 'Diagonal Corrientes N° 812 Oficina 54, Viedma 8500, Río Negro', 'San Juan', '55001171', 'Argentina'),
('Luz Maria', 'Ponce', 'joaquinojeda@example.org', '+54 15 2884 2859', 'Calle 3 N° 508, Viedma 8500, Río Negro', 'Santiago del Estero', '40000046', 'Argentina'),
('Tomàs', 'Diaz', 'thiago-agustin45@example.org', '+54 9 3713 0598', 'Calle Omar Nuñez N° 83, Mendoza 5500, Mendoza', 'Formosa', '58815719', 'Argentina'),
('Thiago Nicolas', 'Diaz', 'martinezjosefina@example.com', '+54 15 2229 1552', 'Blv. Pte. Perón N° 7254, Santa Fe 3000, Santa Fe', 'Rawson', '34005379', 'Argentina'),
('Martina', 'Mendez', 'victoriamansilla@example.com', '+54 9 3804 0707', 'Av. Resistencia N° 4719, San Miguel de Tucumán 4000, Tucumán', 'Neuquén', '53605348', 'Argentina'),
('Juan Pablo', 'Villalba', 'milenaramirez@example.org', '+54 15 2100 8508', 'Camino Santa Fe N° 914, Formosa 3600, Formosa', 'San Ferando del Valle de Catamarca', '33009263', 'Argentina'),
('Santino', 'Gonzalez', 'calvarez@example.org', '+54 9 3224 6105', 'Av. 9 N° 1120 Torre 6 Dto. 1, San Miguel de Tucumán 4000, Tucumán', 'La Rioja', '30007321', 'Argentina'),
('Benjamin', 'Perez', 'pmedina@example.org', '+54 15 2731 6995', 'Avenida Tucumán N° 448, Mar del Plata 7600, Buenos Aires', 'Viedma', '63006229', 'Argentina'),
('Sara', 'Ramirez', 'fgutierrez@example.com', '+54 9 3946 0763', 'Calle 6 N° 3631, Formosa 3600, Formosa', 'Mendoza', '34004920', 'Argentina'),
('Olivia', 'Rodriguez', 'santinomartinez@example.org', '+54 15 2882 8332', 'Blv. Mitre N° 664 Oficina 72, Viedma 8500, Río Negro', 'Comodoro Rivadavia', '63005736', 'Argentina'),
('Dante', 'Diaz', 'benicio87@example.net', '+54 15 2806 7287', 'Camino San Juan N° 971 Piso 5 Dto. 1, Santa Rosa 6300, La Pampa', 'La Plata', '40008038', 'Argentina'),
('Luna', 'Martinez', 'malenacaceres@example.org', '+54 15 2166 9084', 'Calle Malvinas Argentinas N° 4738 Oficina 8, Santa Rosa 6300, La Pampa', 'Ushuaia', '10049388', 'Argentina'),
('Lautaro Nicolas', 'Gimenez', 'thiago-nahuel87@example.com', '+54 15 2715 8913', 'Camino San Martin N° 538, Chilecito 5360, La Rioja', 'Formosa', '94108813', 'Argentina'),
('Ignacio', 'Maidana', 'gomezfacundo@example.com', '+54 9 3370 2246', 'Avenida Jujuy N° 6240 Local 1, San Miguel de Tucumán 4000, Tucumán', 'Salta', '34006301', 'Argentina'),
('Lara', 'Flores', 'martinezthiago@example.net', '+54 15 2272 0842', 'Av. 9 N° 28 Torre 4 Dto. 1, Rosario 2000, Santa Fe', 'Merlo', '94103837', 'Argentina'),
('Lucas', 'Chavez', 'julietaruiz@example.net', '+54 9 3258 3211', 'Av. San Martin N° 810, San Salvador de Jujuy 4600, Jujuy', 'Formosa', '19005246', 'Argentina'),
('Micaela', 'Rojas', 'xjuarez@example.net', '+54 9 3643 5928', 'Calle Chubut N° 71 Oficina 56, Río Gallegos 9400, Santa Cruz', 'San Salvador de Jujuy', '36009836', 'Argentina'),
('Benicio', 'Rios', 'suarezmartina@example.net', '+54 15 2881 2421', 'Blv. 3 N° 501 Oficina 7, Posadas 3300, Misiones', 'Bahía Blanca', '34002027', 'Argentina'),
('Valentina', 'Coronel', 'isabella79@example.org', '+54 15 2859 9714', 'Avenida Resistencia N° 9821 Oficina 80, La Plata 1900, Buenos Aires', 'Mendoza', '34004711', 'Argentina'),
('Candela', 'Lopez', 'mirandapaulina@example.org', '+54 15 2101 5632', 'Diagonal Güemes N° 924 Local 3, Mendoza 5500, Mendoza', 'Santa Fe', '33006080', 'Argentina'),
('Francisco', 'Ponce', 'ggomez@example.com', '+54 15 2107 7773', 'Calle Santiago del Estero N° 53, Mendoza 5500, Mendoza', 'Resistencia', '50003873', 'Argentina'),
('Samuel', 'Flores', 'iaguirre@example.com', '+54 15 2345 6633', 'Avenida Tucumán N° 163 Dto. 8, Merlo 5881, San Luis', 'Chilecito', '80004293', 'Argentina'),
('Zoe', 'Gonzalez', 'ana-paulasuarez@example.org', '+54 15 2131 5843', 'Av. Güemes N° 831 Local 6, Paraná 3100, Entre Ríos', 'Santiago del Estero', '91030630', 'Argentina'),
('Agustina', 'Nuñez', 'mirandamilagros@example.com', '+54 15 2881 0868', 'Calle 3 N° 41, Comodoro Rivadavia 9000, Chubut', 'San Salvador de Jujuy', '30000728', 'Argentina'),
('Milena', 'Perez', 'juan-bautista65@example.com', '+54 9 3448 6265', 'Diag. 5 N° 349 Piso 6 Dto. 1, Posadas 3300, Misiones', 'Mendoza', '33006052', 'Argentina'),
('Juana', 'Arias', 'alma-jazmin67@example.com', '+54 15 2725 2374', 'Avenida Omar Nuñez N° 83 Torre 8 Dto. 9, San Ferando del Valle de Catamarca 4700, Catamarca', 'Merlo', '19007071', 'Argentina'),
('Joaquin', 'Sosa', 'vazquezjoaquin@example.org', '+54 9 3451 9534', 'Diag. Salta N° 1463 Local 8, Santiago del Estero 4200, Santiago del Estero', 'Comodoro Rivadavia', '83006045', 'Argentina'),
('Maia', 'Sanchez', 'gomezjosefina@example.org', '+54 9 3139 8888', 'Avenida Chaco N° 479 Torre 5 Dto. 7, Chilecito 5360, La Rioja', 'Santiago del Estero', '63004769', 'Argentina'),
('Pilar', 'Cabrera', 'sofiamartinez@example.org', '+54 15 2384 8717', 'Boulevard San Miguel de Tucumán N° 29, Comodoro Rivadavia 9000, Chubut', 'Merlo', '91039619', 'Argentina'),
('Matias', 'Lucero', 'lucia71@example.com', '+54 9 3454 5614', 'Diagonal Belgrano N° 87 Oficina 5, Chilecito 5360, La Rioja', 'Posadas', '44008910', 'Argentina'),
('Lara', 'Peralta', 'yperez@example.com', '+54 9 3202 1637', 'Avenida Entre Ríos N° 97, Mendoza 5500, Mendoza', 'Constitución', '19008678', 'Argentina'),
('Maia', 'Suarez', 'ngomez@example.com', '+54 9 3842 5841', 'Avenida Pte. Perón N° 915 Local 85, Posadas 3300, Misiones', 'San Ferando del Valle de Catamarca', '94104844', 'Argentina'),
('Lautaro', 'Romero', 'octaviorodriguez@example.com', '+54 15 2876 6569', 'Calle Resistencia N° 533, Chilecito 5360, La Rioja', 'Santa Fe', '83004296', 'Argentina'),
('Isabella', 'Blanco', 'fernandezjuan-gabriel@example.net', '+54 15 2505 1891', 'Av. Saavedra N° 681 Oficina 45, Paraná 3100, Entre Ríos', 'Comodoro Rivadavia', '44000718', 'Argentina'),
('Clara', 'Martinez', 'bautista15@example.com', '+54 9 3472 4595', 'Blv. 6 N° 1546, Rawson 9103, Chubut', 'San Juan', '53609677', 'Argentina'),
('Juan', 'Pereyra', 'benjamin47@example.com', '+54 9 3310 4786', 'Calle San Ferando del Valle de Catamarca N° 229 Local 8, Comodoro Rivadavia 9000, Chubut', 'Chilecito', '94000432', 'Argentina'),
('Felipe', 'Maldonado', 'juan-manueltorres@example.net', '+54 9 3337 0227', 'Diag. Omar Nuñez N° 568 Dto. 2, Resistencia 3500, Chaco', 'La Plata', '53604181', 'Argentina'),
('Lautaro Benjamin', 'Moreno', 'juan60@example.org', '+54 9 3451 4674', 'Camino San Martin N° 932, Rawson 9103, Chubut', 'Chilecito', '31000594', 'Argentina'),
('Francisco', 'Torres', 'rblanco@example.net', '+54 9 3675 7411', 'Boulevard Salta N° 979, Río Gallegos 9400, Santa Cruz', 'San Miguel de Tucumán', '31000451', 'Argentina'),
('Santiago', 'Rojas', 'floresagostina@example.org', '+54 15 2307 2913', 'Diagonal San Juan N° 9169, Mendoza 5500, Mendoza', 'Viedma', '33006868', 'Argentina'),
('Lara', 'Villalba', 'velazquezsantiago@example.net', '+54 15 2268 0781', 'Avenida San Luis N° 167, Mendoza 5500, Mendoza', 'La Rioja', '94002417', 'Argentina'),
('Martina', 'Gimenez', 'ignacio97@example.net', '+54 9 3436 6712', 'Av. San Juan N° 1917 Piso 1 Dto. 2, Chilecito 5360, La Rioja', 'Chilecito', '55000071', 'Argentina'),
('Francesco', 'Gonzalez', 'ramirezisabella@example.org', '+54 9 3606 2996', 'Calle Neuquén N° 465 Local 28, San Salvador de Jujuy 4600, Jujuy', 'La Plata', '40004065', 'Argentina'),
('Jazmin', 'Martinez', 'ignaciovargas@example.net', '+54 9 3463 6981', 'Av. Merlo N° 635, Corrientes 3400, Corrientes', 'Mendoza', '55004499', 'Argentina'),
('Paloma', 'Ramirez', 'mendozavictoria@example.net', '+54 15 2477 4954', 'Avenida San Juan N° 9629, San Ferando del Valle de Catamarca 4700, Catamarca', 'Comodoro Rivadavia', '63004598', 'Argentina'),
('Agustín', 'Alvarez', 'fernandezthiago-valentin@example.com', '+54 15 2619 3103', 'Diagonal J.B. Alberdi N° 197, Córdoba 5000, Córdoba', 'Corrientes', '90003698', 'Argentina'),
('Isabella', 'Paz', 'josefina32@example.net', '+54 9 3358 0894', 'Av. San Juan N° 577 Torre 4 Dto. 9, Merlo 5881, San Luis', 'Ushuaia', '42006726', 'Argentina'),
('Ezequiel', 'Martinez', 'gomezmatilda@example.com', '+54 15 2815 1505', 'Camino Chilecito N° 17, Paraná 3100, Entre Ríos', 'La Plata', '76009838', 'Argentina'),
('Martina', 'Figueroa', 'benjamingonzalez@example.net', '+54 9 3584 6677', 'Diagonal 3 N° 273 Piso 5 Dto. 1, Resistencia 3500, Chaco', 'Constitución', '57000353', 'Argentina'),
('Dylan Benjamin', 'Benitez', 'llucero@example.net', '+54 9 3215 3358', 'Diagonal San Juan N° 1120 Local 9, Corrientes 3400, Corrientes', 'Resistencia', '58814131', 'Argentina'),
('Victoria', 'Maldonado', 'gimenezsimon@example.org', '+54 9 3517 4336', 'Diagonal 6 N° 946, Formosa 3600, Formosa', 'Bahía Blanca', '94005769', 'Argentina'),
('Juan Cruz', 'Flores', 'maria-paz39@example.com', '+54 15 2499 0233', 'Av. La Pampa N° 197 Local 9, Neuquén 8300, Neuquén', 'Neuquén', '47001157', 'Argentina'),
('Bautista', 'Castro', 'ortizmateo@example.net', '+54 15 2343 0511', 'Diagonal G. Brown N° 1293 Local 35, Bahía Blanca 8000, Buenos Aires', 'Santa Rosa', '94107319', 'Argentina'),
('Milagros', 'Juarez', 'nfernandez@example.net', '+54 9 3295 3685', 'Boulevard La Pampa N° 54, La Plata 1900, Buenos Aires', 'Corrientes', '33005062', 'Argentina'),
('Maria Paz', 'Moreno', 'agustinacorrea@example.net', '+54 15 2663 0547', 'Calle San Martin N° 41 Torre 5 Dto. 1, Posadas 3300, Misiones', 'Santiago del Estero', '55006980', 'Argentina'),
('Alma Mia', 'Fernandez', 'catalina79@example.org', '+54 15 2818 1358', 'Boulevard Viedma N° 116 Piso 6 Dto. 8, Chilecito 5360, La Rioja', 'Corrientes', '34002197', 'Argentina'),
('Juan Sebastian', 'Torres', 'guadalupe54@example.org', '+54 9 3570 9833', 'Avenida Malvinas Argentinas N° 484, Santa Fe 3000, Santa Fe', 'Santa Fe', '54007988', 'Argentina'),
('Agustin', 'Rios', 'mateo58@example.com', '+54 15 2276 0563', 'Calle 3 N° 8119 Local 78, Rawson 9103, Chubut', 'Chilecito', '33005367', 'Argentina'),
('Santino', 'Fernandez', 'alopez@example.com', '+54 9 3714 7218', 'Diagonal 3 N° 317 Oficina 76, Mendoza 5500, Mendoza', 'Río Gallegos', '10044305', 'Argentina'),
('Catalina', 'Carrizo', 'isabellarodriguez@example.net', '+54 15 2321 5705', 'Camino 2 N° 644, Neuquén 8300, Neuquén', 'Santa Fe', '36007945', 'Argentina'),
('Santino Agustin', 'Luna', 'maria-belen65@example.net', '+54 15 2548 0752', 'Av. San Miguel de Tucumán N° 17, Ushuaia 9410, Tierra del Fuego', 'Corrientes', '34008426', 'Argentina'),
('Lucas Benjamin', 'Maldonado', 'rosariososa@example.org', '+54 15 2939 2565', 'Calle Catamarca N° 48 Piso 2 Dto. 7, Santiago del Estero 4200, Santiago del Estero', 'Río Gallegos', '20000765', 'Argentina'),
('Valentin', 'Hernandez', 'josefina31@example.com', '+54 15 2364 8099', 'Camino Jujuy N° 5729 Piso 2 Dto. 3, Ushuaia 9410, Tierra del Fuego', 'Merlo', '44003797', 'Argentina'),
('Thiago Agustin', 'Gomez', 'santinorojas@example.com', '+54 15 2687 9465', 'Calle Ushuaia N° 55 Dto. 7, Formosa 3600, Formosa', 'Comodoro Rivadavia', '47008893', 'Argentina'),
('Felipe', 'Castro', 'juan-bautista28@example.org', '+54 15 2585 0939', 'Diagonal Güemes N° 777 Local 90, San Luis 5700, San Luis', 'Neuquén', '31004896', 'Argentina'),
('Uma', 'Vera', 'gomezian@example.net', '+54 9 3234 4414', 'Calle J.M. de Rosas N° 1652 Piso 5 Dto. 3, Neuquén 8300, Neuquén', 'San Miguel de Tucumán', '91033433', 'Argentina'),
('Zoe Jazmin', 'Ramos', 'renata36@example.org', '+54 9 3748 5804', 'Av. Chilecito N° 495 Local 2, Merlo 5881, San Luis', 'Santa Fe', '91038233', 'Argentina'),
('Ana Paula', 'Perez', 'bautistabenitez@example.net', '+54 9 3469 3745', 'Diagonal Alem N° 51 Dto. 1, Paraná 3100, Entre Ríos', 'La Plata', '90001668', 'Argentina'),
('Joaquin', 'Rodriguez', 'tomas27@example.com', '+54 9 3377 8894', 'Av. J.J. Castelli N° 757, Paraná 3100, Entre Ríos', 'Río Gallegos', '46005128', 'Argentina'),
('Micaela', 'Fernandez', 'candela60@example.com', '+54 15 2475 5448', 'Avenida La Pampa N° 2222, Mar del Plata 7600, Buenos Aires', 'San Luis', '53609891', 'Argentina'),
('Luisana', 'Villalba', 'santinojuarez@example.org', '+54 15 2438 1573', 'Diag. Posadas N° 771, Bahía Blanca 8000, Buenos Aires', 'Salta', '63009774', 'Argentina'),
('Julieta', 'Valdez', 'nferreyra@example.com', '+54 15 2480 8055', 'Diagonal Tucumán N° 7341 Oficina 30, Neuquén 8300, Neuquén', 'La Plata', '20008596', 'Argentina'),
('Uma', 'Cabrera', 'sosafrancisco@example.net', '+54 9 3171 7274', 'Calle Buenos Aires N° 530, Santa Rosa 6300, La Pampa', 'Córdoba', '58815761', 'Argentina'),
('Thiago Gabriel', 'Flores', 'morenanunez@example.com', '+54 9 3820 9315', 'Calle Alvear N° 175 Torre 5 Dto. 3, Rosario 2000, Santa Fe', 'La Rioja', '40002304', 'Argentina'),
('Alma', 'Morales', 'carrizoagustin@example.com', '+54 9 3231 7740', 'Diagonal Misiones N° 396, Neuquén 8300, Neuquén', 'Chilecito', '94107320', 'Argentina'),
('Emma', 'Toledo', 'baguirre@example.com', '+54 15 2290 3602', 'Avenida Alem N° 484, Mendoza 5500, Mendoza', 'Viedma', '63008986', 'Argentina'),
('Renzo', 'Gonzalez', 'luisana53@example.org', '+54 9 3454 3694', 'Av. Formosa N° 354, Corrientes 3400, Corrientes', 'La Plata', '76006238', 'Argentina'),
('Paula', 'Vera', 'ymoyano@example.com', '+54 15 2245 4355', 'Avenida J.B. Alberdi N° 533 Dto. 3, Santa Fe 3000, Santa Fe', 'Santa Fe', '50009274', 'Argentina'),
('Catalina', 'Ruiz', 'zoe-jazminrodriguez@example.net', '+54 15 2202 3655', 'Diagonal 9 N° 825, San Ferando del Valle de Catamarca 4700, Catamarca', 'Comodoro Rivadavia', '33008232', 'Argentina'),
('Gael', 'Rojas', 'diazjuan-ignacio@example.com', '+54 15 2481 3138', 'Av. Merlo N° 74 Local 5, Bahía Blanca 8000, Buenos Aires', 'Ushuaia', '94105130', 'Argentina'),
('Facundo', 'Aguirre', 'gonzalezfelipe@example.org', '+54 9 3594 7301', 'Avenida 7 N° 5299 Piso 1 Dto. 5, Resistencia 3500, Chaco', 'Salta', '55009960', 'Argentina'),
('Luana', 'Rios', 'acostafederico@example.com', '+54 9 3722 7518', 'Calle 178 A N° 729 Local 4, Viedma 8500, Río Negro', 'Bahía Blanca', '91032748', 'Argentina'),
('Mia', 'Miranda', 'benjamintorres@example.net', '+54 15 2129 4022', 'Blv. San Martin N° 77 Piso 2 Dto. 4, San Ferando del Valle de Catamarca 4700, Catamarca', 'Rawson', '42006528', 'Argentina'),
('Mateo', 'Vera', 'mateo-benjamincastillo@example.com', '+54 9 3654 0816', 'Avenida 5 N° 312, Mar del Plata 7600, Buenos Aires', 'San Ferando del Valle de Catamarca', '44001641', 'Argentina'),
('Genaro', 'Rodriguez', 'gmaldonado@example.com', '+54 9 3857 1281', 'Diag. Belgrano N° 862, Santiago del Estero 4200, Santiago del Estero', 'Salta', '57000391', 'Argentina'),
('Isabella', 'Alvarez', 'ledesmasofia@example.com', '+54 9 3700 3837', 'Calle 7 N° 9630, Córdoba 5000, Córdoba', 'Río Gallegos', '91031235', 'Argentina'),
('Juana', 'Ruiz', 'felicitasmoyano@example.org', '+54 15 2873 8946', 'Av. Belgrano N° 62 Torre 5 Dto. 1, Posadas 3300, Misiones', 'Paraná', '63004533', 'Argentina'),
('Jazmín', 'Fernandez', 'mateo-benjamingimenez@example.net', '+54 15 2153 5467', 'Av. Güemes N° 63, Constitución 1004, Ciudad Autónoma de Buenos Aires', 'Paraná', '30009665', 'Argentina'),
('Florencia', 'Escobar', 'pbenitez@example.net', '+54 15 2149 6400', 'Calle San Miguel de Tucumán N° 145 Dto. 8, Ushuaia 9410, Tierra del Fuego', 'Santiago del Estero', '20007323', 'Argentina'),
('Francesca', 'Ojeda', 'malenafernandez@example.net', '+54 15 2877 1005', 'Diag. J.J. Castelli N° 241, Rawson 9103, Chubut', 'Mar del Plata', '50002259', 'Argentina'),
('Tobias', 'Paz', 'wvega@example.net', '+54 15 2610 0325', 'Avenida 7 N° 21 Dto. 4, Salta 4400, Salta', 'Posadas', '36009825', 'Argentina'),
('Tomas Benjamin', 'Sanchez', 'juan-sebastianrios@example.org', '+54 15 2731 0966', 'Avenida Malvinas Argentinas N° 585 Torre 8 Dto. 3, Mar del Plata 7600, Buenos Aires', 'Merlo', '36007116', 'Argentina'),
('Facundo', 'Fernandez', 'gimenezjuan-ignacio@example.com', '+54 9 3282 4264', 'Avenida San Juan N° 38 Piso 9 Dto. 6, San Luis 5700, San Luis', 'Chilecito', '55008960', 'Argentina'),
('Thiago Nicolas', 'Perez', 'emmabenitez@example.net', '+54 9 3676 4592', 'Av. San Ferando del Valle de Catamarca N° 7672, Paraná 3100, Entre Ríos', 'San Luis', '44005326', 'Argentina'),
('Agustin', 'Ayala', 'juan-bautistasosa@example.net', '+54 15 2812 8925', 'Av. La Rioja N° 153, Viedma 8500, Río Negro', 'Neuquén', '83007626', 'Argentina'),
('Tomàs', 'Ramos', 'odiaz@example.com', '+54 15 2647 6787', 'Calle Comodoro Rivadavia N° 830, Formosa 3600, Formosa', 'Resistencia', '94004679', 'Argentina'),
('Tomas', 'Blanco', 'jayala@example.org', '+54 9 3679 1521', 'Avenida Santiago del Estero N° 175 Local 72, La Rioja 5300, La Rioja', 'Santa Rosa', '54000988', 'Argentina'),
('Lautaro Ezequiel', 'Cabrera', 'gomezabril@example.com', '+54 9 3561 4357', 'Boulevard 152 B N° 7912, Viedma 8500, Río Negro', 'Río Gallegos', '30001267', 'Argentina'),
('Guadalupe', 'Gomez', 'romeroamparo@example.com', '+54 9 3306 1621', 'Avenida Malvinas Argentinas N° 1582 Piso 5 Dto. 7, San Juan 5400, San Juan', 'Corrientes', '94004043', 'Argentina'),
('Julian', 'Cabrera', 'camposthiago-ezequiel@example.net', '+54 15 2686 4923', 'Diagonal Formosa N° 29, Paraná 3100, Entre Ríos', 'Comodoro Rivadavia', '80006169', 'Argentina'),
('Matilda', 'Coronel', 'dominguezalvaro@example.net', '+54 9 3257 1355', 'Diag. 4 N° 772, Constitución 1004, Ciudad Autónoma de Buenos Aires', 'Rosario', '91030826', 'Argentina'),
('Bautista', 'Carrizo', 'sosagonzalo@example.com', '+54 15 2806 8654', 'Diagonal Entre Ríos N° 644, Merlo 5881, San Luis', 'La Plata', '53608540', 'Argentina'),
('Bautista', 'Gonzalez', 'zroldan@example.com', '+54 15 2914 8261', 'Calle 6 N° 491 Dto. 3, Merlo 5881, San Luis', 'Chilecito', '58819305', 'Argentina'),
('Bautista', 'Cabrera', 'victoriaaguero@example.com', '+54 9 3141 3334', 'Diagonal 5 N° 676 Torre 4 Dto. 7, Corrientes 3400, Corrientes', 'Constitución', '63004443', 'Argentina'),
('Mateo', 'Quiroga', 'rguzman@example.com', '+54 9 3476 0913', 'Av. Salta N° 4728 Piso 3 Dto. 8, La Rioja 5300, La Rioja', 'Paraná', '40000101', 'Argentina'),
('Paloma', 'Garcia', 'ugonzalez@example.net', '+54 9 3192 1885', 'Diag. San Luis N° 385 Torre 2 Dto. 4, Resistencia 3500, Chaco', 'Constitución', '58815673', 'Argentina'),
('Bastian', 'Garcia', 'thiago-benjamin96@example.org', '+54 15 2624 7900', 'Camino La Pampa N° 5820, Viedma 8500, Río Negro', 'Merlo', '94100882', 'Argentina'),
('Dante', 'Martinez', 'lorenzofarias@example.org', '+54 15 2985 9621', 'Diagonal Alem N° 5151, San Miguel de Tucumán 4000, Tucumán', 'Formosa', '44001598', 'Argentina'),
('Julieta', 'Leiva', 'amoreno@example.com', '+54 9 3272 6354', 'Calle 9 N° 89, Comodoro Rivadavia 9000, Chubut', 'Formosa', '54001470', 'Argentina'),
('Fausto', 'Ramirez', 'miguel-angelrodriguez@example.org', '+54 9 3446 0411', 'Avenida Tucumán N° 858, Constitución 1004, Ciudad Autónoma de Buenos Aires', 'La Plata', '47002858', 'Argentina'),
('Joaquin', 'Juarez', 'vsuarez@example.net', '+54 15 2295 0676', 'Calle Bahía Blanca N° 9042, Neuquén 8300, Neuquén', 'Santa Fe', '47007299', 'Argentina'),
('Mora', 'Carrizo', 'sofia37@example.org', '+54 15 2736 0051', 'Diagonal Mitre N° 472 Oficina 8, Comodoro Rivadavia 9000, Chubut', 'Rawson', '80000011', 'Argentina'),
('Juan Martin', 'Gonzalez', 'francofernandez@example.net', '+54 15 2205 6053', 'Camino Posadas N° 670, Neuquén 8300, Neuquén', 'Mendoza', '85007138', 'Argentina'),
('Felipe', 'Rodriguez', 'smartinez@example.net', '+54 15 2853 1312', 'Calle Güemes N° 967, La Plata 1900, Buenos Aires', 'San Juan', '36002047', 'Argentina'),
('Santino Ezequiel', 'Vega', 'rflores@example.net', '+54 15 2773 3578', 'Diagonal Omar Nuñez N° 874, Rawson 9103, Chubut', 'Salta', '91034135', 'Argentina'),
('Catalina', 'Luna', 'manuelcastro@example.org', '+54 9 3663 3086', 'Avenida Alvear N° 34 Local 1, San Miguel de Tucumán 4000, Tucumán', 'Resistencia', '36003620', 'Argentina'),
('Thiago Leonel', 'Moyano', 'xcorrea@example.org', '+54 15 2897 9782', 'Av. Neuquén N° 123, Santiago del Estero 4200, Santiago del Estero', 'Rosario', '53005688', 'Argentina'),
('Thiago Gabriel', 'Ramos', 'federicoledesma@example.org', '+54 15 2706 6201', 'Av. Santiago del Estero N° 996 Local 2, Neuquén 8300, Neuquén', 'Comodoro Rivadavia', '31001043', 'Argentina'),
('Benjamin', 'Maldonado', 'juan-pablorodriguez@example.com', '+54 15 2875 4693', 'Diagonal Buenos Aires N° 76 Dto. 5, Viedma 8500, Río Negro', 'San Ferando del Valle de Catamarca', '35002554', 'Argentina'),
('Agustina', 'Hernandez', 'qortiz@example.com', '+54 9 3814 2480', 'Blv. Río Gallegos N° 4056 Oficina 89, Rosario 2000, Santa Fe', 'Posadas', '20001707', 'Argentina'),
('Lourdes', 'Rodriguez', 'bastian78@example.org', '+54 9 3552 5103', 'Av. Mendoza N° 788, Chilecito 5360, La Rioja', 'San Luis', '90008628', 'Argentina'),
('Isabella', 'Gimenez', 'agustinaperez@example.com', '+54 9 3915 6666', 'Diagonal Comodoro Rivadavia N° 5681 Dto. 8, Viedma 8500, Río Negro', 'Chilecito', '80003278', 'Argentina'),
('Antonella', 'Sanchez', 'lorenzo87@example.org', '+54 9 3348 3707', 'Calle 1 N° 242, Santiago del Estero 4200, Santiago del Estero', 'Mar del Plata', '35004568', 'Argentina'),
('Valentina', 'Pereyra', 'rojasnicolas@example.net', '+54 15 2880 6794', 'Avenida Rawson N° 692 Oficina 10, Corrientes 3400, Corrientes', 'Río Gallegos', '20005240', 'Argentina'),
('Benjamin', 'Silva', 'faustoarias@example.org', '+54 9 3903 8197', 'Av. 8 N° 527 Dto. 5, Merlo 5881, San Luis', 'Salta', '19007905', 'Argentina'),
('Catalina', 'Rios', 'gomezjuan@example.org', '+54 15 2161 9259', 'Av. Belgrano N° 381 Piso 7 Dto. 3, Salta 4400, Salta', 'Santa Rosa', '50005465', 'Argentina'),
('Julia', 'Guzman', 'franciscocastillo@example.org', '+54 15 2505 0785', 'Diagonal 156 Bis N° 4052, Neuquén 8300, Neuquén', 'Rawson', '31002665', 'Argentina'),
('Julia', 'Gomez', 'juan-ignacioacosta@example.net', '+54 15 2758 3976', 'Diagonal G. Brown N° 641 Piso 6 Dto. 5, Santa Rosa 6300, La Pampa', 'Río Gallegos', '40001563', 'Argentina'),
('Ambar', 'Acuña', 'cromero@example.net', '+54 15 2116 7551', 'Av. Merlo N° 95, Mendoza 5500, Mendoza', 'Salta', '80006265', 'Argentina'),
('Thiago Gabriel', 'Vargas', 'renatabustos@example.net', '+54 15 2142 4880', 'Avenida Córdoba N° 8491 Piso 2 Dto. 4, Formosa 3600, Formosa', 'Río Gallegos', '53606248', 'Argentina'),
('Lautaro Benjamin', 'Castro', 'gonzalezcamilo@example.com', '+54 15 2973 2086', 'Av. 2 N° 946, Mendoza 5500, Mendoza', 'San Miguel de Tucumán', '36006057', 'Argentina'),
('Maximo', 'Nuñez', 'ana-paulamartinez@example.org', '+54 15 2169 2196', 'Calle 2 N° 17, San Luis 5700, San Luis', 'San Miguel de Tucumán', '47008078', 'Argentina'),
('Rosario', 'Paz', 'mateo-benjaminfernandez@example.com', '+54 9 3195 4516', 'Avenida Malvinas Argentinas N° 124 Torre 4 Dto. 8, Río Gallegos 9400, Santa Cruz', 'Constitución', '31009649', 'Argentina'),
('Mateo Benjamin', 'Rios', 'jazminacosta@example.net', '+54 9 3576 2765', 'Avenida Pte. Perón N° 68 Dto. 1, Río Gallegos 9400, Santa Cruz', 'Santiago del Estero', '50004124', 'Argentina'),
('Jeremias', 'Perez', 'helena82@example.com', '+54 15 2207 0207', 'Calle Jujuy N° 2578 Oficina 45, Santiago del Estero 4200, Santiago del Estero', 'Chilecito', '19005911', 'Argentina'),
('Delfina', 'Hernandez', 'sebastianvega@example.net', '+54 9 3837 8540', 'Calle Mitre N° 327 Piso 8 Dto. 8, Córdoba 5000, Córdoba', 'Corrientes', '46007673', 'Argentina'),
('Joaquina', 'Peralta', 'hruiz@example.net', '+54 15 2266 8783', 'Diag. 8 N° 252, Rosario 2000, Santa Fe', 'La Plata', '47001177', 'Argentina'),
('Luca', 'Soria', 'paloma21@example.com', '+54 9 3423 1135', 'Diagonal 7 N° 219 Torre 6 Dto. 9, Rawson 9103, Chubut', 'Salta', '63003722', 'Argentina'),
('Maia', 'Lopez', 'vegatiziano@example.net', '+54 9 3551 8210', 'Av. Alem N° 405 Local 9, Mar del Plata 7600, Buenos Aires', 'San Salvador de Jujuy', '33001092', 'Argentina'),
('Isabella', 'Vera', 'santinodominguez@example.net', '+54 15 2764 1299', 'Avenida San Juan N° 74 Dto. 8, San Salvador de Jujuy 4600, Jujuy', 'Posadas', '91032273', 'Argentina'),
('Lucas', 'Gonzalez', 'juan-martinsosa@example.com', '+54 9 3119 4284', 'Diagonal Saavedra N° 215 Torre 2 Dto. 1, La Plata 1900, Buenos Aires', 'Santa Rosa', '83007942', 'Argentina');

INSERT INTO Productos (NombreProducto, Categoria, Precio, Costo, ProveedorID) VALUES
('Lenovo ThinkPad', 'Computadoras', 1339840.56, 868610.89, 21),
('Microsoft Surface Go', 'Tablets', 545935.83, 332471.41, 17),
('Ergonomic Keyboard', 'Oficina', 11264.51, 5459.95, 5),
('Microsoft Xbox Series X', 'Gaming', 734534.89, 487820.91, 18),
('Acer Aspire', 'Computadoras', 855382.94, 527278.63, 2),
('Nintendo Switch', 'Gaming', 1323585.91, 755363.92, 11),
('iPhone 14', 'Celulares', 653702.64, 395054.62, 11),
('OfficeDesk Chair', 'Oficina', 9719.13, 3991.68, 20),
('Alienware Desktop', 'Gaming', 1088629.86, 576079.28, 18),
('Samsung Galaxy S23', 'Celulares', 1039323.1, 682561.69, 13),
('Impresora HP LaserJet', 'Oficina', 47520.34, 25016.75, 21),
('HP Pavilion', 'Computadoras', 1409555.91, 983009.63, 14),
('iPhone 14', 'Celulares', 995174.9, 701183.96, 3),
('Apple MacBook Pro', 'Computadoras', 535818.23, 292999.0, 15),
('HP Pavilion', 'Computadoras', 1118368.71, 699751.87, 8),
('Dell Inspiron', 'Computadoras', 903003.59, 473401.12, 14),
('Xiaomi Redmi Note', 'Celulares', 553891.27, 395276.01, 12),
('Lenovo Tab P11', 'Tablets', 1194996.68, 902127.23, 7),
('Samsung Galaxy Tab', 'Tablets', 727955.99, 536916.3, 18),
('Samsung Galaxy Tab', 'Tablets', 596117.91, 372428.84, 9),
('Apple MacBook Pro', 'Computadoras', 1374466.56, 932645.74, 20),
('Huawei P50', 'Celulares', 1451252.68, 960874.98, 19),
('Microsoft Surface Go', 'Tablets', 750950.0, 499580.03, 14),
('Logitech Mouse', 'Oficina', 14353.13, 7353.2, 24),
('Apple MacBook Pro', 'Computadoras', 810334.73, 576954.41, 3),
('Sony PlayStation 5', 'Gaming', 1772485.22, 1042847.27, 15),
('Sony PlayStation 5', 'Gaming', 703269.72, 366296.79, 13),
('Impresora HP LaserJet', 'Oficina', 42043.6, 19223.22, 14),
('Alienware Desktop', 'Gaming', 646324.73, 376622.33, 5),
('Nintendo Switch', 'Gaming', 1576200.28, 1080361.94, 25),
('Samsung Galaxy Tab', 'Tablets', 342849.96, 211097.99, 15),
('Microsoft Surface Go', 'Tablets', 506215.1, 351134.93, 8),
('Impresora HP LaserJet', 'Oficina', 17565.49, 8273.25, 11),
('Sony PlayStation 5', 'Gaming', 1668474.05, 939954.59, 19),
('Nintendo Switch', 'Gaming', 1464554.1, 1024859.19, 15),
('Razer Gaming Laptop', 'Gaming', 1722385.23, 954125.43, 14),
('Microsoft Xbox Series X', 'Gaming', 1359059.38, 939823.38, 4),
('Samsung Galaxy Tab', 'Tablets', 280176.81, 176482.69, 4),
('Impresora HP LaserJet', 'Oficina', 20083.01, 9700.77, 6),
('Microsoft Xbox Series X', 'Gaming', 1341381.6, 741462.16, 21),
('Acer Aspire', 'Computadoras', 550255.41, 320171.49, 10),
('Microsoft Xbox Series X', 'Gaming', 1312586.44, 727909.12, 18),
('Apple MacBook Pro', 'Computadoras', 968497.24, 563468.12, 25),
('iPhone 14', 'Celulares', 1330926.43, 938613.52, 7),
('Xiaomi Redmi Note', 'Celulares', 1309968.23, 993180.85, 23),
('Lenovo Tab P11', 'Tablets', 166495.13, 120851.31, 5),
('HP Pavilion', 'Computadoras', 834315.6, 483395.54, 16),
('OfficeDesk Chair', 'Oficina', 28977.05, 14980.44, 15),
('Samsung Galaxy S23', 'Celulares', 1222482.57, 784500.27, 13),
('Canon Pixma', 'Oficina', 42404.19, 21922.51, 3),
('Razer Gaming Laptop', 'Gaming', 1549654.0, 965745.91, 3),
('Dell Inspiron', 'Computadoras', 1416811.91, 783341.09, 3),
('Ergonomic Keyboard', 'Oficina', 5437.01, 2989.4, 4),
('Ergonomic Keyboard', 'Oficina', 13000.23, 5984.81, 22),
('Microsoft Xbox Series X', 'Gaming', 1407543.39, 809107.91, 19),
('Apple MacBook Pro', 'Computadoras', 1427067.94, 845744.53, 14),
('Apple MacBook Pro', 'Computadoras', 1499325.67, 913054.41, 18),
('Microsoft Surface Go', 'Tablets', 889438.89, 543733.31, 10),
('Huawei P50', 'Celulares', 438595.95, 326153.35, 13),
('Xiaomi Redmi Note', 'Celulares', 1080176.76, 717418.8, 20),
('HP Pavilion', 'Computadoras', 553117.31, 389212.99, 7),
('Microsoft Xbox Series X', 'Gaming', 820689.85, 487091.79, 14),
('Microsoft Surface Go', 'Tablets', 1116194.67, 764333.56, 19),
('Sony PlayStation 5', 'Gaming', 1739575.61, 1194884.94, 24),
('Dell Inspiron', 'Computadoras', 897607.48, 664853.33, 18),
('Microsoft Xbox Series X', 'Gaming', 1552255.78, 836954.84, 15),
('Lenovo ThinkPad', 'Computadoras', 1179384.36, 666752.78, 7),
('Acer Aspire', 'Computadoras', 1266616.3, 827320.19, 6),
('Apple iPad Pro', 'Tablets', 1192191.12, 823245.19, 11),
('Huawei P50', 'Celulares', 1241450.42, 815167.44, 1),
('Lenovo ThinkPad', 'Computadoras', 830331.86, 438795.46, 10),
('Logitech Mouse', 'Oficina', 25768.06, 14443.67, 2),
('Ergonomic Keyboard', 'Oficina', 49026.77, 28151.56, 7),
('Ergonomic Keyboard', 'Oficina', 29456.89, 15822.72, 16),
('Apple MacBook Pro', 'Computadoras', 753548.24, 561906.55, 2),
('Alienware Desktop', 'Gaming', 1122177.68, 715154.73, 25),
('Motorola Edge', 'Celulares', 1477868.04, 998739.56, 5),
('Apple MacBook Pro', 'Computadoras', 1139632.74, 684537.45, 21),
('Acer Aspire', 'Computadoras', 777610.06, 538614.74, 5),
('Apple iPad Pro', 'Tablets', 473835.61, 368096.79, 4),
('Microsoft Xbox Series X', 'Gaming', 795673.88, 540113.55, 4),
('Microsoft Xbox Series X', 'Gaming', 971561.79, 620557.29, 7),
('Samsung Galaxy Tab', 'Tablets', 172500.22, 116669.74, 5),
('Razer Gaming Laptop', 'Gaming', 954140.55, 630303.1, 12),
('Apple MacBook Pro', 'Computadoras', 1372456.75, 794704.18, 9),
('Canon Pixma', 'Oficina', 15847.36, 7421.16, 18),
('Samsung Galaxy S23', 'Celulares', 573415.35, 432455.51, 20),
('Xiaomi Redmi Note', 'Celulares', 1459544.05, 975418.17, 12),
('Motorola Edge', 'Celulares', 374852.25, 259681.47, 24),
('Huawei P50', 'Celulares', 1058169.59, 767222.85, 18),
('OfficeDesk Chair', 'Oficina', 19205.54, 7827.46, 14),
('Samsung Galaxy S23', 'Celulares', 1081386.27, 673181.18, 12),
('Dell Inspiron', 'Computadoras', 653506.93, 410377.98, 16),
('Lenovo Tab P11', 'Tablets', 1142118.95, 717662.62, 5),
('Alienware Desktop', 'Gaming', 1217972.37, 805866.36, 16),
('Nintendo Switch', 'Gaming', 1712688.2, 1052142.6, 15),
('Logitech Mouse', 'Oficina', 41175.35, 18376.97, 5),
('Nintendo Switch', 'Gaming', 1513126.43, 780813.56, 2),
('iPhone 14', 'Celulares', 781337.5, 504358.07, 18),
('Huawei P50', 'Celulares', 900932.18, 575106.61, 4),
('Nintendo Switch', 'Gaming', 672595.81, 405763.09, 21),
('Dell Inspiron', 'Computadoras', 1457744.13, 786118.82, 21),
('Alienware Desktop', 'Gaming', 1439034.98, 853624.49, 4),
('Lenovo Tab P11', 'Tablets', 1108731.07, 785799.91, 17),
('Samsung Galaxy Tab', 'Tablets', 994597.9, 654294.23, 12),
('Motorola Edge', 'Celulares', 359935.97, 238759.16, 24),
('Samsung Galaxy Tab', 'Tablets', 854524.58, 671340.62, 7),
('Lenovo Tab P11', 'Tablets', 166706.52, 111292.5, 8),
('Ergonomic Keyboard', 'Oficina', 16350.85, 8652.67, 3),
('Logitech Mouse', 'Oficina', 7721.02, 4182.69, 15),
('Huawei P50', 'Celulares', 1081130.5, 708024.91, 12),
('Razer Gaming Laptop', 'Gaming', 609179.72, 361190.73, 20),
('Huawei P50', 'Celulares', 324229.51, 208793.98, 19),
('Motorola Edge', 'Celulares', 996580.06, 792041.71, 6),
('Microsoft Xbox Series X', 'Gaming', 1596469.22, 863970.65, 8),
('Lenovo ThinkPad', 'Computadoras', 1124902.49, 824665.65, 17),
('Xiaomi Redmi Note', 'Celulares', 385494.99, 251768.85, 18),
('Samsung Galaxy Tab', 'Tablets', 726006.36, 461735.71, 18),
('Dell Inspiron', 'Computadoras', 832281.5, 437757.17, 7),
('Acer Aspire', 'Computadoras', 1104852.81, 708118.91, 14),
('Nintendo Switch', 'Gaming', 1600184.03, 827287.41, 25),
('Samsung Galaxy Tab', 'Tablets', 528023.1, 320182.75, 2),
('Huawei P50', 'Celulares', 255213.63, 192454.32, 7),
('iPhone 14', 'Celulares', 787383.5, 583643.12, 24),
('Microsoft Xbox Series X', 'Gaming', 1685265.33, 1088445.28, 2),
('OfficeDesk Chair', 'Oficina', 43079.03, 24943.0, 6),
('Huawei P50', 'Celulares', 508714.12, 327022.0, 11),
('Huawei P50', 'Celulares', 911392.23, 654206.31, 2),
('Alienware Desktop', 'Gaming', 969370.48, 627624.85, 4),
('Dell Inspiron', 'Computadoras', 1477322.35, 980148.75, 1),
('Huawei P50', 'Celulares', 1175730.85, 796266.7, 24),
('Huawei MatePad', 'Tablets', 1057655.75, 703132.63, 17),
('Xiaomi Redmi Note', 'Celulares', 794197.96, 476686.96, 15),
('Microsoft Xbox Series X', 'Gaming', 1248591.18, 639035.52, 17),
('Apple iPad Pro', 'Tablets', 1037597.57, 754815.3, 6),
('Lenovo ThinkPad', 'Computadoras', 980078.3, 599064.92, 4),
('Motorola Edge', 'Celulares', 580376.63, 455406.16, 25),
('Logitech Mouse', 'Oficina', 40043.92, 21496.54, 16),
('Microsoft Xbox Series X', 'Gaming', 1133802.7, 680412.44, 18),
('Lenovo ThinkPad', 'Computadoras', 999892.83, 724534.95, 9),
('HP Pavilion', 'Computadoras', 756621.79, 395357.56, 14),
('OfficeDesk Chair', 'Oficina', 22182.15, 8981.08, 12),
('Huawei P50', 'Celulares', 1017485.16, 736789.64, 7),
('OfficeDesk Chair', 'Oficina', 49927.48, 25200.6, 16),
('Sony PlayStation 5', 'Gaming', 1536497.24, 983990.83, 7),
('iPhone 14', 'Celulares', 1045731.08, 689811.46, 8),
('HP Pavilion', 'Computadoras', 1025509.01, 619455.58, 12),
('Microsoft Surface Go', 'Tablets', 335559.89, 218237.31, 3),
('Impresora HP LaserJet', 'Oficina', 47957.9, 21970.33, 23),
('Huawei MatePad', 'Tablets', 829313.08, 590436.53, 19),
('Xiaomi Redmi Note', 'Celulares', 327334.53, 255857.32, 17),
('Ergonomic Keyboard', 'Oficina', 31120.34, 18036.09, 4),
('Canon Pixma', 'Oficina', 35362.01, 15977.42, 16),
('Huawei MatePad', 'Tablets', 513346.88, 374184.77, 9),
('Samsung Galaxy Tab', 'Tablets', 1196854.5, 756540.38, 7),
('Apple iPad Pro', 'Tablets', 858811.99, 670531.36, 18),
('Microsoft Surface Go', 'Tablets', 1169702.62, 726614.1, 15),
('Motorola Edge', 'Celulares', 476032.28, 380760.49, 3),
('Sony PlayStation 5', 'Gaming', 1184957.73, 800698.04, 20),
('Microsoft Xbox Series X', 'Gaming', 1299922.06, 654420.48, 23),
('OfficeDesk Chair', 'Oficina', 26398.88, 11421.21, 15),
('Lenovo Tab P11', 'Tablets', 1071064.25, 852527.96, 15),
('Lenovo Tab P11', 'Tablets', 498640.96, 321453.89, 10),
('Razer Gaming Laptop', 'Gaming', 600705.73, 383835.25, 13),
('Samsung Galaxy Tab', 'Tablets', 758551.23, 492880.66, 24),
('Huawei MatePad', 'Tablets', 1130823.91, 793937.97, 20),
('Apple iPad Pro', 'Tablets', 243308.78, 174749.89, 13),
('Motorola Edge', 'Celulares', 1165659.33, 925331.87, 7),
('Razer Gaming Laptop', 'Gaming', 1592751.86, 957267.78, 13),
('HP Pavilion', 'Computadoras', 630445.7, 324605.79, 25),
('Huawei P50', 'Celulares', 666498.59, 450804.95, 14),
('Xiaomi Redmi Note', 'Celulares', 898786.71, 706947.87, 22),
('Apple iPad Pro', 'Tablets', 1045830.04, 678455.28, 4),
('Microsoft Surface Go', 'Tablets', 238521.61, 145445.43, 6),
('Ergonomic Keyboard', 'Oficina', 43978.04, 23321.06, 9),
('HP Pavilion', 'Computadoras', 749727.35, 447611.14, 15),
('Nintendo Switch', 'Gaming', 1721325.45, 1202906.08, 12),
('Razer Gaming Laptop', 'Gaming', 618082.8, 318979.89, 15),
('Acer Aspire', 'Computadoras', 1137715.5, 649444.93, 7),
('Logitech Mouse', 'Oficina', 33042.09, 14951.53, 5),
('Impresora HP LaserJet', 'Oficina', 8338.21, 3365.41, 16),
('Samsung Galaxy Tab', 'Tablets', 563527.93, 433726.18, 21),
('Microsoft Surface Go', 'Tablets', 656260.97, 471448.26, 13),
('Alienware Desktop', 'Gaming', 1322351.77, 812665.55, 19),
('Ergonomic Keyboard', 'Oficina', 13449.28, 7191.68, 8),
('Apple iPad Pro', 'Tablets', 1108789.25, 675634.18, 15),
('Motorola Edge', 'Celulares', 252332.29, 167106.87, 1),
('Motorola Edge', 'Celulares', 594195.43, 393914.29, 22),
('Razer Gaming Laptop', 'Gaming', 808875.6, 463130.92, 3),
('Sony PlayStation 5', 'Gaming', 781037.85, 496734.9, 1),
('Samsung Galaxy S23', 'Celulares', 369934.24, 295317.42, 6),
('Canon Pixma', 'Oficina', 26605.81, 13054.56, 23),
('Samsung Galaxy Tab', 'Tablets', 271172.56, 194878.04, 14),
('Motorola Edge', 'Celulares', 809844.51, 597964.66, 12),
('Razer Gaming Laptop', 'Gaming', 1764169.47, 950675.41, 17),
('iPhone 14', 'Celulares', 1115625.99, 727439.44, 2),
('Xiaomi Redmi Note', 'Celulares', 674185.54, 409406.26, 15),
('Nintendo Switch', 'Gaming', 1657057.02, 1097915.63, 5),
('Impresora HP LaserJet', 'Oficina', 38653.99, 20123.31, 19),
('OfficeDesk Chair', 'Oficina', 15581.46, 6846.32, 18),
('Razer Gaming Laptop', 'Gaming', 1355532.44, 846788.12, 3),
('Xiaomi Redmi Note', 'Celulares', 610408.3, 461912.24, 17),
('Alienware Desktop', 'Gaming', 1520416.96, 853650.84, 16),
('Ergonomic Keyboard', 'Oficina', 48563.5, 23995.91, 12),
('OfficeDesk Chair', 'Oficina', 40069.84, 18610.44, 14),
('Logitech Mouse', 'Oficina', 36133.71, 18896.89, 23),
('Samsung Galaxy Tab', 'Tablets', 973672.86, 695694.09, 11),
('Logitech Mouse', 'Oficina', 48546.56, 24909.31, 6),
('Lenovo Tab P11', 'Tablets', 359993.25, 240392.03, 13),
('Xiaomi Redmi Note', 'Celulares', 402647.37, 286569.76, 9),
('HP Pavilion', 'Computadoras', 1061592.51, 684414.59, 25),
('Microsoft Xbox Series X', 'Gaming', 1373166.51, 690476.31, 11),
('Razer Gaming Laptop', 'Gaming', 719662.42, 394573.24, 17),
('Lenovo Tab P11', 'Tablets', 531413.71, 321048.2, 25),
('Nintendo Switch', 'Gaming', 1061308.81, 687453.95, 15),
('iPhone 14', 'Celulares', 1034365.89, 792736.99, 3),
('Nintendo Switch', 'Gaming', 754722.56, 397518.29, 21),
('Apple MacBook Pro', 'Computadoras', 1141984.03, 720380.49, 23),
('Dell Inspiron', 'Computadoras', 790684.55, 494147.28, 20),
('iPhone 14', 'Celulares', 1241277.17, 886701.01, 22),
('Lenovo Tab P11', 'Tablets', 444722.74, 314601.95, 23),
('Ergonomic Keyboard', 'Oficina', 38684.24, 17930.6, 5),
('Ergonomic Keyboard', 'Oficina', 31279.22, 13626.52, 12),
('Alienware Desktop', 'Gaming', 600344.45, 374013.59, 22),
('Apple MacBook Pro', 'Computadoras', 1378563.6, 982806.59, 23),
('OfficeDesk Chair', 'Oficina', 17029.72, 6906.46, 18),
('Microsoft Xbox Series X', 'Gaming', 1117653.87, 640470.67, 3),
('Huawei MatePad', 'Tablets', 677589.29, 532522.15, 10),
('Apple iPad Pro', 'Tablets', 379293.81, 266353.57, 8),
('Impresora HP LaserJet', 'Oficina', 29696.27, 14498.9, 16),
('OfficeDesk Chair', 'Oficina', 25352.8, 13845.98, 1),
('Samsung Galaxy S23', 'Celulares', 1208542.81, 741021.28, 8),
('Huawei P50', 'Celulares', 349292.6, 266925.7, 12),
('Huawei P50', 'Celulares', 374811.83, 249010.73, 15),
('Nintendo Switch', 'Gaming', 801493.54, 449095.52, 7),
('Huawei P50', 'Celulares', 1058367.18, 755619.35, 21),
('Lenovo Tab P11', 'Tablets', 643122.87, 451119.95, 1),
('Samsung Galaxy Tab', 'Tablets', 1112009.15, 746613.29, 13),
('iPhone 14', 'Celulares', 1499681.22, 923932.82, 19),
('Canon Pixma', 'Oficina', 44304.01, 19923.48, 6),
('Microsoft Surface Go', 'Tablets', 165741.08, 117614.93, 20),
('Acer Aspire', 'Computadoras', 854989.63, 473125.51, 8),
('OfficeDesk Chair', 'Oficina', 45738.16, 22389.74, 2),
('Dell Inspiron', 'Computadoras', 1064808.62, 570541.5, 12),
('Motorola Edge', 'Celulares', 906968.91, 555530.46, 15),
('Huawei P50', 'Celulares', 811713.11, 559939.19, 23),
('Impresora HP LaserJet', 'Oficina', 43340.6, 25641.15, 5),
('Apple iPad Pro', 'Tablets', 145001.25, 94965.21, 16),
('Motorola Edge', 'Celulares', 1049949.48, 673675.72, 7),
('Dell Inspiron', 'Computadoras', 983737.91, 649285.22, 15),
('Apple MacBook Pro', 'Computadoras', 1436451.29, 801375.33, 22),
('Alienware Desktop', 'Gaming', 1114325.32, 649282.66, 3),
('Microsoft Surface Go', 'Tablets', 700335.32, 458760.4, 7),
('Canon Pixma', 'Oficina', 9620.68, 5200.34, 8),
('Alienware Desktop', 'Gaming', 1159922.7, 617729.18, 14),
('Motorola Edge', 'Celulares', 572256.67, 362274.91, 23),
('Samsung Galaxy S23', 'Celulares', 1232013.41, 894537.06, 4),
('Acer Aspire', 'Computadoras', 693475.52, 350339.48, 16),
('OfficeDesk Chair', 'Oficina', 35810.35, 15926.96, 4),
('Apple iPad Pro', 'Tablets', 352740.41, 221875.84, 2),
('HP Pavilion', 'Computadoras', 1215919.7, 625471.09, 17),
('Alienware Desktop', 'Gaming', 949337.02, 536305.33, 6),
('Nintendo Switch', 'Gaming', 1139071.46, 649769.08, 1),
('Impresora HP LaserJet', 'Oficina', 34911.08, 16974.67, 22),
('Huawei P50', 'Celulares', 563668.12, 449991.91, 7),
('Microsoft Surface Go', 'Tablets', 827328.39, 529318.93, 20),
('Sony PlayStation 5', 'Gaming', 1300925.5, 862173.33, 21),
('Nintendo Switch', 'Gaming', 847554.91, 445260.52, 13),
('Impresora HP LaserJet', 'Oficina', 10385.5, 5941.23, 24),
('Alienware Desktop', 'Gaming', 759598.45, 415100.47, 15),
('Samsung Galaxy S23', 'Celulares', 1112094.14, 818850.78, 3),
('Lenovo Tab P11', 'Tablets', 387322.92, 288070.44, 13),
('Impresora HP LaserJet', 'Oficina', 18407.35, 10480.98, 10),
('OfficeDesk Chair', 'Oficina', 29180.33, 14936.18, 18),
('Nintendo Switch', 'Gaming', 1533989.2, 784903.08, 23),
('Razer Gaming Laptop', 'Gaming', 661817.25, 386754.47, 20),
('Logitech Mouse', 'Oficina', 36775.5, 19610.84, 5),
('OfficeDesk Chair', 'Oficina', 25527.54, 15288.96, 18),
('Lenovo Tab P11', 'Tablets', 906127.56, 675356.9, 15),
('Alienware Desktop', 'Gaming', 1381167.69, 725433.09, 25),
('Alienware Desktop', 'Gaming', 1329965.43, 716328.08, 11),
('Huawei P50', 'Celulares', 380484.25, 303673.08, 12),
('Lenovo Tab P11', 'Tablets', 949103.95, 592944.32, 5),
('Alienware Desktop', 'Gaming', 1279650.77, 820611.41, 10),
('Dell Inspiron', 'Computadoras', 1249916.67, 829449.79, 5),
('Lenovo Tab P11','Tablets', 1049148.03, 796256.72, 8),
('Canon Pixma', 'Oficina', 29544.42, 17142.68, 5),
('Dell Inspiron', 'Computadoras', 1263394.94, 663734.34, 8),
('Xiaomi Redmi Note', 'Celulares', 1110296.28, 741494.58, 14),
('Lenovo Tab P11', 'Tablets', 378238.29, 239549.03, 16),
('OfficeDesk Chair', 'Oficina', 34761.0, 20484.82, 11),
('OfficeDesk Chair', 'Oficina', 27039.53, 15790.42, 14),
('Samsung Galaxy Tab', 'Tablets', 704902.83, 446273.71, 19),
('OfficeDesk Chair', 'Oficina', 49934.52, 22463.71, 5),
('Apple iPad Pro', 'Tablets', 185521.43, 115511.49, 18),
('Acer Aspire', 'Computadoras', 798302.29, 427479.34, 17),
('Motorola Edge', 'Celulares', 810521.63, 609971.35, 21),
('Alienware Desktop', 'Gaming', 905644.46, 500435.16, 5),
('Lenovo Tab P11', 'Tablets', 1142181.69, 730638.38, 14),
('Lenovo ThinkPad', 'Computadoras', 579467.4, 339152.2, 16);

INSERT INTO Moneda (Cotizacion, Moneda, Fecha) VALUES
    (942.32, 'Dólar', '2024-09-11'),
    (938.20, 'Dólar', '2024-06-20'),
    (902.34, 'Dólar', '2024-02-17'),
    (1084.63, 'Dólar', '2024-06-20'),
    (882.02, 'Dólar', '2024-04-21'),
    (917.77, 'Dólar', '2024-05-12'),
    (1025.43, 'Dólar', '2024-04-25'),
    (810.58, 'Dólar', '2024-09-25'),
    (802.04, 'Dólar', '2024-09-10'),
    (922.87, 'Dólar', '2023-11-21'),
    (998.60, 'Dólar', '2023-11-26'),
    (817.22, 'Dólar', '2024-06-28'),
    (922.86, 'Dólar', '2023-12-10'),
    (1061.46, 'Dólar', '2024-04-19'),
    (853.87, 'Dólar', '2024-02-14'),
    (1024.70, 'Dólar', '2024-07-25'),
    (1036.07, 'Dólar', '2023-11-11'),
    (848.29, 'Dólar', '2024-05-27'),
    (826.88, 'Dólar', '2024-05-05'),
    (1025.88, 'Dólar', '2024-10-07'),
    (943.32, 'Dólar', '2024-08-31'),
    (939.20, 'Dólar', '2024-02-11'),
    (901.34, 'Dólar', '2024-01-30'),
    (1083.63, 'Dólar', '2024-06-19'),
    (883.02, 'Dólar', '2024-10-15'),
    (918.77, 'Dólar', '2024-06-20'),
    (1026.43, 'Dólar', '2024-05-23'),
    (811.58, 'Dólar', '2024-07-31'),
    (801.04, 'Dólar', '2024-07-07'),
    (923.87, 'Dólar', '2024-06-03'),
    (999.60, 'Dólar', '2024-03-16'),
    (818.22, 'Dólar', '2024-06-18'),
    (923.86, 'Dólar', '2023-11-22'),
    (1060.46, 'Dólar', '2024-05-19'),
    (852.87, 'Dólar', '2024-10-01'),
    (1023.70, 'Dólar', '2024-04-03'),
    (1037.07, 'Dólar', '2024-06-29'),
    (849.29, 'Dólar', '2023-12-27'),
    (827.88, 'Dólar', '2024-01-15'),
    (1024.88, 'Dólar', '2024-04-06'),
    (991.60, 'Dólar', '2024-08-31'),
    (828.22, 'Dólar', '2024-10-22'),
    (943.86, 'Dólar', '2024-05-05'),
    (1071.46, 'Dólar', '2024-04-20'),
    (952.87, 'Dólar', '2024-05-05'),
    (1029.70, 'Dólar', '2024-04-30'),
    (1047.07, 'Dólar', '2024-05-05'),
    (879.29, 'Dólar', '2024-06-25'),
    (837.88, 'Dólar', '2024-07-16'),
    (1126.88, 'Dólar', '2024-02-13'),
    (1226.88, 'Dólar', '2024-11-11'),
    (1216.88, 'Dólar', '2024-11-12'),
    (1206.88, 'Dólar', '2024-11-13'),
    (1126.88, 'Dólar', '2024-11-14'),
    (1026.88, 'Dólar', '2024-11-15');
SET IDENTITY_INSERT Pedidos OFF;

INSERT INTO Pedidos (ClienteID, FechaPedido, FechaEnvio, CostoEnvio, MontoTotal) VALUES
(121, '2024-09-11', '2024-09-17', 610.94, 6530088.62),
(114, '2024-06-20', '2024-06-23', 178.01, 14374907.51),
(147, '2024-02-17', '2024-02-18', 389.24, 2886592.65),
(89, '2024-06-20', '2024-06-26', 157.28, 2427227.92),
(128, '2024-04-21', '2024-04-24', 654.29, 20869364.52),
(108, '2024-05-12', '2024-05-16', 506.02, 11060778.7),
(142, '2024-04-25', '2024-05-02', 333.86, 22677632.55),
(96, '2024-09-25', '2024-09-30', 667.93, 19671512.53),
(37, '2024-09-10', '2024-09-17', 590.65, 21334459.18),
(90, '2023-11-21', '2023-11-24', 651.97, 15974592.87),
(67, '2023-11-26', '2023-12-01', 214.87, 10439519.17),
(101, '2024-06-28', '2024-07-05', 457.46, 7246183.36),
(100, '2023-12-10', '2023-12-17', 506.22, 17930556.59),
(81, '2024-04-19', '2024-04-25', 849.39, 11361014.34),
(33, '2024-02-14', '2024-02-15', 796.67, 13774550.81),
(19, '2024-07-25', '2024-07-29', 249.99, 6531623.95),
(47, '2023-11-11', '2023-11-14', 224.14, 16435855.76),
(23, '2024-05-27', '2024-06-03', 664.89, 5072416.26),
(104, '2024-05-05', '2024-05-06', 325.29, 16612614.78),
(72, '2024-10-07', '2024-10-13', 477.52, 23092340.78),
(58, '2024-08-31', '2024-09-01', 334.79, 2521926.08),
(7, '2024-02-11', '2024-02-15', 894.78, 14951329.96),
(120, '2024-01-30', '2024-02-05', 563.46, 1000174.9),
(150, '2024-06-19', '2024-06-26', 618.72, 12110637.55),
(35, '2024-10-15', '2024-10-19', 615.54, 1855829.84),
(37, '2024-06-20', '2024-06-25', 763.82, 10321672.98),
(138, '2024-05-23', '2024-05-29', 410.5, 2339815.74),
(8, '2024-07-31', '2024-08-03', 278.71, 21743373.98),
(149, '2024-07-07', '2024-07-08', 787.98, 23779087.61),
(56, '2024-06-03', '2024-06-05', 887.57, 15010733.05),
(25, '2024-03-16', '2024-03-18', 899.34, 6552503.25),
(132, '2024-06-18', '2024-06-19', 519.75, 18129190.56),
(53, '2023-11-22', '2023-11-28', 453.68, 5350214.78),
(98, '2024-05-19', '2024-05-24', 991.95, 28003228.09),
(59, '2024-10-01', '2024-10-04', 591.23, 24581754.49),
(99, '2024-04-03', '2024-04-04', 674.74, 27967794.08),
(42, '2024-06-29', '2024-07-04', 781.53, 16672855.81),
(149, '2023-12-27', '2023-12-28', 776.47, 26076822.24),
(133, '2024-01-15', '2024-01-21', 950.61, 1018027.78),
(67, '2024-04-06', '2024-04-12', 645.47, 10648056.91),
(61, '2024-08-31', '2024-09-03', 909.55, 75953.44),
(9, '2024-10-22', '2024-10-28', 559.96, 18376445.62),
(146, '2024-05-05', '2024-05-10', 825.27, 75869.16),
(46, '2024-04-20', '2024-04-25', 747.0, 5346336.89),
(71, '2024-05-05', '2024-05-06', 567.33, 21486039.49),
(136, '2024-04-30', '2024-05-07', 787.69, 3491441.96),
(113, '2024-05-05', '2024-05-07', 901.83, 12009514.46),
(117, '2024-06-25', '2024-06-29', 242.33, 14595682.83),
(136, '2024-07-16', '2024-07-19', 254.32, 8810504.96),
(52, '2024-02-13', '2024-02-15', 504.32, 5548308.48),
(72, '2024-11-11', '2024-11-15', 904.32, 5133201.96),
(120, '2024-11-12', '2024-11-15', 904.32, 52440.44),
(101, '2024-11-13', '2024-11-16', 904.32, 1059125.55),
(112, '2024-11-13', '2024-11-16', 904.32, 996079.22);
-- (88, '2024-11-14', '2024-11-17', 904.32, 3422432.32),
-- (71, '2024-11-14', '2024-11-17', 904.32, 1621573.78);


INSERT INTO DetallesPedido (PedidoID, ProductoID, Cantidad, PrecioUnitario) VALUES
(1, 163, 9, 498640.96),
(1, 123, 8, 255213.63),
(2, 7, 10, 653702.64),
(2, 164, 6, 600705.73),
(2, 236, 4, 1058367.18),
(3, 147, 1, 1025509.01),
(3, 175, 8, 43978.04),
(3, 204, 2, 48563.5),
(3, 24, 8, 14353.13),
(3, 113, 4, 324229.51),
(4, 73, 8, 49026.77),
(4, 127, 4, 508714.12),
(5, 249, 3, 1049949.48),
(5, 16, 8, 903003.59),
(5, 193, 3, 271172.56),
(5, 207, 2, 973672.86),
(5, 120, 7, 1104852.81),
(6, 20, 7, 596117.91),
(6, 182, 8, 563527.93),
(6, 61, 3, 553117.31),
(6, 106, 2, 359935.97),
(7, 279, 3, 906127.56),
(7, 148, 1, 335559.89),
(7, 233, 8, 349292.6),
(7, 75, 5, 753548.24),
(7, 22, 9, 1451252.68),
(8, 125, 8, 1685265.33),
(8, 273, 7, 18407.35),
(8, 25, 4, 810334.73),
(8, 210, 7, 402647.37),
(9, 252, 5, 1114325.32),
(9, 184, 3, 1322351.77),
(9, 65, 10, 897607.48),
(9, 12, 2, 1409555.91),
(10, 157, 10, 1169702.62),
(10, 5, 5, 855382.94),
(11, 255, 9, 1159922.7),
(12, 187, 2, 252332.29),
(12, 125, 4, 1685265.33),
(13, 54, 9, 13000.23),
(13, 287, 9, 29544.42),
(13, 98, 10, 1513126.43),
(13, 210, 6, 402647.37),
(14, 24, 3, 14353.13),
(14, 198, 3, 1657057.02),
(14, 132, 6, 1057655.75),
(15, 101, 4, 672595.81),
(15, 224, 1, 600344.45),
(15, 244, 3, 1064808.62),
(15, 194, 9, 809844.51),
(16, 34, 2, 1668474.05),
(16, 244, 3, 1064808.62),
(17, 283, 8, 949103.95),
(17, 160, 2, 1299922.06),
(17, 134, 5, 1248591.18),
(18, 182, 9, 563527.93),
(19, 52, 2, 1416811.91),
(19, 248, 9, 145001.25),
(19, 28, 9, 42043.6),
(19, 129, 9, 969370.48),
(19, 197, 5, 674185.54),
(20, 245, 1, 906968.91),
(20, 282, 4, 380484.25),
(20, 176, 6, 749727.35),
(20, 19, 6, 727955.99),
(20, 125, 7, 1685265.33),
(21, 38, 9, 280176.81),
(22, 147, 7, 1025509.01),
(22, 254, 8, 9620.68),
(22, 242, 9, 854989.63),
(23, 25, 1, 810334.73),
(23, 292, 7, 27039.53),
(24, 121, 1, 1600184.03),
(24, 179, 9, 1137715.5),
(24, 292, 10, 27039.53),
(25, 295, 10, 185521.43),
(26, 263, 3, 1139071.46),
(26, 68, 5, 1266616.3),
(26, 138, 9, 40043.92),
(26, 28, 5, 42043.6),
(27, 157, 2, 1169702.62),
(28, 211, 5, 1061592.51),
(28, 149, 6, 47957.9),
(28, 177, 8, 1721325.45),
(28, 188, 4, 594195.43),
(29, 99, 8, 781337.5),
(29, 100, 10, 900932.18),
(29, 293, 1, 704902.83),
(29, 99, 10, 781337.5),
(30, 182, 2, 563527.93),
(30, 130, 4, 1477322.35),
(30, 263, 7, 1139071.46),
(31, 19, 9, 727955.99),
(32, 256, 6, 572256.67),
(32, 32, 6, 506215.1),
(32, 224, 4, 600344.45),
(32, 184, 7, 1322351.77),
(33, 272, 5, 387322.92),
(33, 179, 3, 1137715.5),
(34, 288, 7, 1263394.94),
(34, 273, 1, 18407.35),
(34, 289, 7, 1110296.28),
(34, 87, 9, 573415.35),
(34, 70, 5, 1241450.42),
(35, 210, 8, 402647.37),
(35, 130, 8, 1477322.35),
(35, 84, 10, 954140.55),
(36, 18, 8, 1194996.68),
(36, 276, 8, 661817.25),
(36, 141, 6, 756621.79),
(36, 201, 5, 1355532.44),
(36, 65, 2, 897607.48),
(37, 13, 4, 995174.9),
(37, 69, 8, 1192191.12),
(37, 174, 5, 238521.61),
(37, 38, 7, 280176.81),
(38, 299, 5, 1142181.69),
(38, 279, 10, 906127.56),
(38, 163, 7, 498640.96),
(38, 99, 10, 781337.5),
(39, 209, 1, 359993.25),
(39, 291, 10, 34761.0),
(39, 222, 8, 38684.24),
(40, 44, 8, 1330926.43),
(41, 181, 9, 8338.21),
(42, 40, 7, 1341381.6),
(42, 165, 2, 758551.23),
(42, 52, 4, 1416811.91),
(42, 100, 2, 900932.18),
(43, 181, 9, 8338.21),
(44, 274, 5, 29180.33),
(44, 160, 4, 1299922.06),
(45, 114, 9, 996580.06),
(45, 76, 9, 1122177.68),
(45, 63, 2, 1116194.67),
(45, 109, 6, 16350.85),
(45, 126, 2, 43079.03),
(46, 291, 5, 34761.0),
(46, 80, 7, 473835.61),
(47, 124, 3, 787383.5),
(47, 222, 2, 38684.24),
(47, 261, 7, 1215919.7),
(47, 132, 1, 1057655.75),
(48, 88, 10, 1459544.05),
(49, 11, 7, 47520.34),
(49, 267, 3, 1300925.5),
(49, 72, 2, 25768.06),
(49, 166, 4, 1130823.91),
(50, 258, 8, 693475.52),
(51, 5, 6, 855382.94),
(52, 72, 2, 25768.06),
(53, 260, 3, 352740.41),
(54, 13, 1, 352740.41);
-- (55, 5, 4, 855382.94),
-- (56, 25, 2, 855382.94);



INSERT INTO Envios (PedidoID, FechaEntrega, Transportista, EstadoEnvio) VALUES
(1, '2024-09-24 21:35:54', 'Transportista B', 'Entregado'),
(2, '2024-07-03 01:21:00', 'Transportista D', 'Entregado'),
(3, '2024-02-25 20:08:07', 'Transportista C', 'En tránsito'),
(4, '2024-07-02 10:02:34', 'Transportista D', 'Entregadi'),
(5, '2024-04-27 00:04:08', 'Transportista B', 'Entregado'),
(6, '2024-05-26 02:47:04', 'Transportista D', 'Entregado'),
(7, '2024-05-06 19:18:21', 'Transportista B', 'Entregado'),
(8, '2024-10-02 19:58:35', 'Transportista D', 'Entregado'),
(9, '2024-09-20 12:22:56', 'Transportista D', 'En tránsito'),
(10, '2023-12-01 03:38:32', 'Transportista B', 'Entregado'),
(11, '2023-12-04 13:58:10', 'Transportista D', 'En tránsito'),
(12, '2024-07-07 22:12:09', 'Transportista D', 'Retrasado'),
(13, '2023-12-21 21:36:31', 'Transportista A', 'Retrasado'),
(14, '2024-04-30 08:08:03', 'Transportista C', 'Retrasado'),
(15, '2024-02-24 14:42:12', 'Transportista A', 'Entregado'),
(16, '2024-08-02 18:14:06', 'Transportista B', 'Retrasado'),
(17, '2023-11-21 14:27:46', 'Transportista D', 'Retrasado'),
(18, '2024-06-07 23:17:16', 'Transportista A', 'Entregado'),
(19, '2024-05-11 21:24:09', 'Transportista C', 'Pendiente'),
(20, '2024-10-23 06:31:35', 'Transportista C', 'En tránsito'),
(21, '2024-09-05 11:24:00', 'Transportista D', 'Entregado'),
(22, '2024-02-19 10:17:46', 'Transportista C', 'Retrasado'),
(23, '2024-02-13 18:15:39', 'Transportista C', 'Entregado'),
(24, '2024-06-29 12:43:23', 'Transportista B', 'Pendiente'),
(25, '2024-10-25 01:03:48', 'Transportista C', 'Pendiente'),
(26, '2024-06-28 05:42:20', 'Transportista A', 'Pendiente'),
(27, '2024-05-31 08:40:09', 'Transportista C', 'Entregado'),
(28, '2024-08-12 02:18:32', 'Transportista A', 'Pendiente'),
(29, '2024-07-09 14:29:06', 'Transportista B', 'Retrasado'),
(30, '2024-06-12 07:10:19', 'Transportista C', 'Entregado'),
(31, '2024-03-27 19:29:03', 'Transportista B', 'Retrasado'),
(32, '2024-06-28 09:01:36', 'Transportista B', 'Entregado'),
(33, '2023-12-03 22:30:23', 'Transportista B', 'En tránsito'),
(34, '2024-06-02 03:11:47', 'Transportista D', 'Retrasado'),
(35, '2024-10-07 04:51:26', 'Transportista D', 'En tránsito'),
(36, '2024-04-14 12:17:25', 'Transportista A', 'En tránsito'),
(37, '2024-07-14 15:17:27', 'Transportista C', 'Retrasado'),
(38, '2024-01-06 17:05:17', 'Transportista D', 'En tránsito'),
(39, '2024-01-29 13:44:37', 'Transportista D', 'Pendiente'),
(40, '2024-04-16 14:20:42', 'Transportista C', 'En tránsito'),
(41, '2024-09-10 13:53:03', 'Transportista D', 'Entregado'),
(42, '2024-11-04 00:47:58', 'Transportista D', 'Entregado'),
(43, '2024-05-17 21:17:36', 'Transportista B', 'Entregado'),
(44, '2024-04-26 11:16:36', 'Transportista B', 'Entregado'),
(45, '2024-05-08 12:41:07', 'Transportista B', 'Retrasado'),
(46, '2024-05-13 19:27:12', 'Transportista C', 'En tránsito'),
(47, '2024-05-09 18:19:34', 'Transportista B', 'Retrasado'),
(48, '2024-06-30 00:13:45', 'Transportista C', 'Entregado'),
(49, '2024-07-27 20:35:11', 'Transportista B', 'Entregado'),
(50, '2024-02-18 14:45:52', 'Transportista B', 'Entregado'),
(51, '2024-11-15 14:45:52', 'Transportista B', 'Pendiente'),
(52, '2024-11-15 14:45:52', 'Transportista B', 'Pendiente'),
(53, '2024-11-16 14:45:52', 'Transportista B', 'Pendiente'),
(54, '2024-11-17 14:45:52', 'Transportista B', 'Pendiente');
-- (55, '2024-11-18 14:45:52', 'Transportista B', 'Pendiente'),
-- (56, '2024-11-18 14:45:52', 'Transportista B', 'Pendiente');


INSERT INTO Devoluciones (PedidoID, ProductoID, FechaDevolucion, MotivoDevolucion, EstadoDevolucion) VALUES
(28, 177, '2024-09-03 18:30:40', 'Odio eveniet placeat nulla iusto atque iure.', 'Pendiente'),
(31, 19, '2024-10-27 18:00:08', 'Sapiente accusantium dignissimos perferendis veniam.', 'Procesada'),
(46, 80, '2024-11-02 22:16:33', 'Soluta earum ex quo.', 'Pendiente'),
(20, 176, '2024-10-28 02:19:09', 'Aliquam accusamus placeat velit accusamus.', 'Rechazada'),
(40, 44, '2024-10-13 01:46:07', 'Odio odit illum.', 'Procesada'),
(36, 201, '2024-04-05 22:30:10', 'Modi repellat suscipit totam harum.', 'Procesada'),
(1, 163, '2024-10-08 19:11:21', 'Molestiae quod laudantium.', 'Pendiente'),
(28, 177, '2024-09-04 06:01:27', 'Nobis fugit in.', 'Rechazada'),
(36, 201, '2024-07-03 04:52:00', 'Architecto corrupti quis animi.', 'Rechazada'),
(13, 54, '2023-12-15 21:36:21', 'Ipsa sit quod molestias amet sint.', 'Pendiente'),
(41, 181, '2024-10-09 19:41:08', 'Voluptas sed recusandae pariatur autem dolore fugiat.', 'Rechazada'),
(11, 255, '2023-12-13 23:39:53', 'Excepturi recusandae assumenda voluptas.', 'Procesada'),
(5, 249, '2024-10-17 23:42:47', 'Numquam voluptas aliquid.', 'Rechazada'),
(41, 181, '2024-09-16 03:03:28', 'Facere exercitationem accusantium numquam molestiae laboriosam.', 'Procesada'),
(6, 20, '2024-09-29 03:19:58', 'Aliquid totam accusantium iusto.', 'Rechazada');

INSERT INTO Inventario (ProductoID, CantidadDisponible, FechaActualizacion) VALUES
(1, 466, '2024-03-03 05:32:24'),
(2, 486, '2024-07-03 22:57:32'),
(3, 567, '2024-05-15 11:04:08'),
(4, 623, '2024-09-05 01:22:43'),
(5, 155, '2024-10-07 12:56:02'),
(6, 422, '2024-04-16 07:47:11'),
(7, 802, '2023-12-23 12:18:54'),
(8, 166, '2023-12-31 22:06:07'),
(9, 547, '2024-05-24 06:44:05'),
(10, 356, '2024-09-11 11:09:48'),
(11, 175, '2024-06-14 13:35:22'),
(12, 269, '2024-02-28 05:46:33'),
(13, 262, '2024-01-15 06:36:44'),
(14, 219, '2024-10-10 13:33:54'),
(15, 881, '2024-07-23 05:15:45'),
(16, 17, '2023-11-24 17:14:58'),
(17, 993, '2024-10-01 18:19:52'),
(18, 546, '2024-08-09 07:14:06'),
(19, 951, '2024-02-29 00:32:46'),
(20, 855, '2024-08-06 09:00:16'),
(21, 747, '2024-09-07 16:45:05'),
(22, 70, '2024-03-14 05:02:54'),
(23, 272, '2024-09-15 05:47:54'),
(24, 696, '2024-07-09 04:47:10'),
(25, 965, '2024-01-24 13:51:02'),
(26, 464, '2024-01-26 09:36:01'),
(27, 232, '2023-11-09 08:32:46'),
(28, 609, '2024-10-06 14:06:47'),
(29, 59, '2024-09-03 12:53:05'),
(30, 259, '2024-08-02 11:58:17'),
(31, 999, '2024-02-11 20:22:28'),
(32, 583, '2024-06-01 16:27:34'),
(33, 6, '2024-03-27 18:10:56'),
(34, 304, '2024-01-13 23:02:50'),
(35, 160, '2023-11-06 05:17:37'),
(36, 873, '2024-10-04 23:43:12'),
(37, 539, '2024-09-11 08:00:43'),
(38, 327, '2023-11-10 16:32:57'),
(39, 997, '2024-09-30 19:37:26'),
(40, 139, '2024-02-06 20:06:17'),
(41, 606, '2024-09-10 06:36:47'),
(42, 620, '2024-03-14 01:19:12'),
(43, 619, '2024-07-06 02:03:56'),
(44, 507, '2024-04-12 18:49:04'),
(45, 208, '2024-08-10 00:16:36'),
(46, 33, '2024-05-28 18:44:43'),
(47, 645, '2024-07-24 22:46:24'),
(48, 636, '2024-06-13 23:19:10'),
(49, 336, '2023-11-18 03:44:35'),
(50, 623, '2024-05-13 22:29:14'),
(51, 386, '2024-05-05 07:45:51'),
(52, 698, '2024-02-05 18:14:53'),
(53, 793, '2024-07-28 00:39:42'),
(54, 470, '2023-12-01 07:14:18'),
(55, 742, '2024-03-27 19:50:09'),
(56, 443, '2024-05-11 04:54:48'),
(57, 694, '2024-03-01 05:29:10'),
(58, 912, '2024-02-10 15:48:12'),
(59, 244, '2024-06-06 18:02:19'),
(60, 157, '2024-02-08 20:25:03'),
(61, 666, '2023-11-26 10:32:55'),
(62, 497, '2023-12-08 23:33:22'),
(63, 225, '2023-11-07 09:44:49'),
(64, 746, '2024-02-04 02:55:29'),
(65, 427, '2024-04-08 02:36:43'),
(66, 382, '2024-07-28 19:44:44'),
(67, 627, '2024-10-17 05:25:12'),
(68, 389, '2023-12-01 15:45:19'),
(69, 569, '2024-09-16 12:58:27'),
(70, 831, '2024-05-30 07:15:44'),
(71, 389, '2023-11-08 14:46:45'),
(72, 555, '2024-03-28 02:59:46'),
(73, 676, '2024-04-21 01:48:18'),
(74, 393, '2024-05-25 01:23:08'),
(75, 414, '2024-09-03 00:30:26'),
(76, 755, '2024-07-11 06:16:38'),
(77, 115, '2024-03-14 05:53:01'),
(78, 10, '2024-02-23 23:24:14'),
(79, 854, '2024-01-15 05:33:40'),
(80, 821, '2023-11-18 20:22:56'),
(81, 170, '2024-04-26 04:05:12'),
(82, 305, '2024-05-24 22:14:36'),
(83, 478, '2024-05-22 13:59:06'),
(84, 582, '2024-04-29 20:42:13'),
(85, 878, '2024-01-21 14:33:24'),
(86, 258, '2024-01-01 11:13:25'),
(87, 527, '2024-09-16 21:53:02'),
(88, 190, '2024-09-05 06:07:57'),
(89, 64, '2024-02-01 15:09:30'),
(90, 376, '2024-09-02 01:46:39'),
(91, 536, '2024-10-13 14:53:33'),
(92, 824, '2024-03-07 19:13:24'),
(93, 769, '2024-04-09 14:12:43'),
(94, 699, '2024-04-26 03:30:12'),
(95, 527, '2024-05-05 08:51:16'),
(96, 108, '2024-10-18 11:08:50'),
(97, 153, '2024-05-28 06:37:23'),
(98, 106, '2023-11-19 01:56:51'),
(99, 232, '2024-03-17 11:36:09'),
(100, 49, '2024-08-23 10:32:20'),
(101, 277, '2023-12-21 11:53:15'),
(102, 118, '2024-09-10 05:11:07'),
(103, 943, '2024-01-20 05:56:50'),
(104, 638, '2024-08-25 21:09:48'),
(105, 783, '2024-09-05 05:30:51'),
(106, 889, '2024-01-14 00:50:46'),
(107, 546, '2024-02-25 21:52:37'),
(108, 102, '2024-08-12 15:29:46'),
(109, 763, '2023-12-05 14:38:11'),
(110, 773, '2024-04-12 09:57:40'),
(111, 592, '2024-08-04 03:40:01'),
(112, 926, '2024-09-27 09:14:16'),
(113, 301, '2024-07-13 06:33:44'),
(114, 201, '2024-10-28 21:28:17'),
(115, 314, '2024-04-13 20:59:47'),
(116, 166, '2024-03-16 13:56:20'),
(117, 469, '2024-10-22 07:05:19'),
(118, 669, '2024-09-06 09:43:16'),
(119, 371, '2024-09-07 11:54:04'),
(120, 514, '2024-06-25 02:43:04'),
(121, 637, '2024-01-06 06:32:21'),
(122, 409, '2024-09-04 06:55:33'),
(123, 12, '2024-07-07 15:34:35'),
(124, 759, '2024-10-26 15:33:32'),
(125, 857, '2023-12-23 04:33:45'),
(126, 398, '2024-05-16 08:35:46'),
(127, 135, '2023-11-08 00:52:13'),
(128, 383, '2024-02-13 05:42:11'),
(129, 840, '2023-12-30 12:16:07'),
(130, 612, '2024-01-04 02:51:03'),
(131, 176, '2024-06-28 11:24:24'),
(132, 529, '2024-05-08 12:30:45'),
(133, 602, '2024-02-19 05:07:17'),
(134, 683, '2024-05-31 16:49:35'),
(135, 793, '2024-03-16 23:48:49'),
(136, 634, '2023-12-29 07:35:33'),
(137, 73, '2024-02-26 02:35:01'),
(138, 577, '2023-12-31 23:16:27'),
(139, 486, '2024-08-11 22:27:01'),
(140, 269, '2024-02-03 05:39:04'),
(141, 967, '2024-03-28 16:49:28'),
(142, 46, '2024-02-01 00:18:41'),
(143, 217, '2024-07-08 07:05:07'),
(144, 919, '2024-01-16 18:43:35'),
(145, 432, '2024-03-18 18:01:24'),
(146, 162, '2024-02-06 08:13:43'),
(147, 356, '2024-07-14 10:34:54'),
(148, 163, '2024-07-05 13:04:45'),
(149, 107, '2024-07-26 23:43:59'),
(150, 884, '2023-12-22 09:44:17'),
(151, 948, '2024-02-18 18:16:23'),
(152, 620, '2023-11-10 16:24:45'),
(153, 981, '2023-11-11 07:42:40'),
(154, 342, '2024-11-01 07:48:38'),
(155, 238, '2024-06-20 00:15:32'),
(156, 670, '2024-06-11 08:11:39'),
(157, 643, '2024-01-18 02:46:18'),
(158, 790, '2024-04-02 15:57:24'),
(159, 964, '2024-05-08 01:20:39'),
(160, 388, '2024-08-30 13:40:42'),
(161, 269, '2024-11-01 00:08:58'),
(162, 47, '2024-01-08 02:54:58'),
(163, 202, '2024-03-11 00:00:46'),
(164, 255, '2024-07-16 17:35:19'),
(165, 893, '2024-05-26 18:14:02'),
(166, 87, '2024-07-22 01:31:46'),
(167, 351, '2024-03-09 04:46:51'),
(168, 689, '2024-03-23 03:09:29'),
(169, 697, '2024-05-21 11:43:57'),
(170, 365, '2024-06-23 06:22:37'),
(171, 894, '2023-12-30 14:10:03'),
(172, 267, '2023-11-25 07:47:35'),
(173, 769, '2024-03-04 22:09:56'),
(174, 742, '2024-09-20 17:40:46'),
(175, 365, '2024-03-19 17:23:24'),
(176, 595, '2024-10-11 19:31:44'),
(177, 760, '2024-05-26 20:17:24'),
(178, 673, '2024-05-03 11:17:20'),
(179, 485, '2024-07-04 00:14:52'),
(180, 491, '2024-07-16 15:58:10'),
(181, 936, '2024-08-14 02:41:17'),
(182, 591, '2024-04-10 12:22:37'),
(183, 844, '2024-04-28 23:19:04'),
(184, 825, '2024-01-27 08:55:43'),
(185, 282, '2023-12-19 20:07:43'),
(186, 995, '2024-01-18 11:55:54'),
(187, 316, '2024-02-24 02:59:44'),
(188, 771, '2023-11-30 11:50:27'),
(189, 44, '2024-05-28 17:28:26'),
(190, 435, '2024-10-03 17:18:56'),
(191, 964, '2024-10-08 17:12:54'),
(192, 139, '2024-10-03 11:18:06'),
(193, 428, '2024-10-22 14:33:38'),
(194, 951, '2024-06-26 13:07:34'),
(195, 51, '2024-02-15 08:47:24'),
(196, 876, '2024-06-15 23:42:34'),
(197, 769, '2024-07-16 07:10:02'),
(198, 933, '2024-01-09 14:19:28'),
(199, 820, '2024-10-09 10:56:31'),
(200, 50, '2024-05-19 19:42:21'),
(201, 187, '2023-12-22 18:50:21'),
(202, 12, '2024-02-24 09:41:49'),
(203, 118, '2024-03-26 07:57:44'),
(204, 437, '2023-12-30 11:01:49'),
(205, 895, '2024-09-20 05:52:27'),
(206, 203, '2023-11-05 23:54:01'),
(207, 945, '2024-06-23 03:04:55'),
(208, 256, '2024-02-05 09:41:05'),
(209, 744, '2023-12-20 17:39:40'),
(210, 962, '2024-09-24 14:36:09'),
(211, 434, '2024-01-24 10:57:55'),
(212, 91, '2024-09-29 09:02:02'),
(213, 678, '2024-05-19 06:12:46'),
(214, 987, '2024-09-23 20:31:50'),
(215, 888, '2024-02-16 20:24:48'),
(216, 430, '2024-10-22 20:49:21'),
(217, 866, '2024-04-27 03:12:25'),
(218, 705, '2024-10-19 04:36:13'),
(219, 423, '2023-12-13 09:15:01'),
(220, 493, '2023-11-26 16:55:47'),
(221, 752, '2024-08-24 07:55:34'),
(222, 774, '2024-02-15 15:41:51'),
(223, 93, '2023-12-05 16:21:41'),
(224, 43, '2024-10-14 16:39:58'),
(225, 536, '2023-11-21 08:10:15'),
(226, 280, '2024-04-29 05:35:07'),
(227, 687, '2024-02-13 07:19:11'),
(228, 514, '2024-07-08 15:24:16'),
(229, 550, '2024-04-04 05:11:12'),
(230, 17, '2024-10-10 12:21:59'),
(231, 846, '2024-06-01 20:07:20'),
(232, 514, '2024-07-29 01:32:30'),
(233, 909, '2024-10-27 07:22:28'),
(234, 119, '2024-05-24 06:16:32'),
(235, 301, '2024-08-07 05:10:53'),
(236, 918, '2024-08-21 11:09:09'),
(237, 964, '2024-04-30 08:47:59'),
(238, 238, '2024-06-26 17:52:48'),
(239, 798, '2024-01-31 05:02:45'),
(240, 972, '2024-07-13 12:28:51'),
(241, 254, '2024-10-01 08:42:07'),
(242, 277, '2024-08-25 18:44:11'),
(243, 869, '2024-10-02 21:22:00'),
(244, 103, '2023-12-07 18:00:52'),
(245, 525, '2024-05-06 21:09:40'),
(246, 223, '2023-11-20 17:02:05'),
(247, 747, '2024-08-27 00:37:47'),
(248, 831, '2023-12-21 00:46:01'),
(249, 552, '2024-10-02 11:59:21'),
(250, 699, '2024-05-31 05:59:44'),
(251, 140, '2024-05-19 01:14:07'),
(252, 293, '2024-08-17 10:46:11'),
(253, 289, '2024-08-21 17:33:20'),
(254, 203, '2024-01-11 00:08:31'),
(255, 594, '2024-08-23 11:15:32'),
(256, 44, '2024-07-15 22:35:33'),
(257, 459, '2024-10-05 18:40:41'),
(258, 916, '2023-11-06 19:17:01'),
(259, 379, '2024-08-25 23:25:55'),
(260, 678, '2024-07-16 07:24:47'),
(261, 321, '2024-04-03 11:20:42'),
(262, 220, '2023-11-08 16:20:49'),
(263, 923, '2024-07-01 14:35:53'),
(264, 778, '2024-10-18 10:24:17'),
(265, 459, '2024-10-31 23:29:12'),
(266, 195, '2024-08-29 21:56:12'),
(267, 864, '2024-09-24 07:25:54'),
(268, 948, '2024-06-16 16:51:02'),
(269, 876, '2024-10-17 08:24:47'),
(270, 396, '2024-03-09 13:49:16'),
(271, 285, '2023-12-18 16:00:34'),
(272, 249, '2024-06-16 22:28:25'),
(273, 868, '2024-01-02 15:07:24'),
(274, 984, '2023-11-25 16:33:27'),
(275, 80, '2024-05-28 12:45:29'),
(276, 557, '2024-08-12 12:48:11'),
(277, 441, '2024-03-24 00:40:03'),
(278, 165, '2023-12-28 01:11:22'),
(279, 280, '2023-12-26 04:22:58'),
(280, 361, '2024-09-07 12:30:21'),
(281, 962, '2024-02-05 20:24:30'),
(282, 381, '2024-03-12 22:47:36'),
(283, 802, '2023-11-20 14:46:02'),
(284, 630, '2024-02-18 08:09:04'),
(285, 216, '2024-09-19 02:41:20'),
(286, 98, '2024-02-10 06:56:50'),
(287, 896, '2024-08-13 11:55:30'),
(288, 579, '2024-07-07 18:37:52'),
(289, 228, '2023-12-26 01:49:50'),
(290, 789, '2023-11-11 13:02:46'),
(291, 325, '2024-02-17 09:26:06'),
(292, 388, '2024-04-20 13:58:26'),
(293, 751, '2024-06-09 15:50:06'),
(294, 137, '2024-04-25 00:58:47'),
(295, 508, '2024-08-09 03:47:04'),
(296, 173, '2024-06-16 00:27:09'),
(297, 779, '2024-06-10 03:12:05'),
(298, 265, '2023-12-20 15:48:32'),
(299, 744, '2024-01-05 18:00:31'),
(300, 131, '2024-02-23 17:10:38');
